State Name,Year,Violent Crime (Total),Homicide,Rape rate,Robbery rate,Aggrated assult,Property Crimes (Total),Arson rate,Burglary,Larceny Theft,Motor Theft
Alaska,1995,770.9,9.1,80.3,155.1,526.3,4982.9,39.2,836.9,3624.3,521.7
Alaska,1996,727.7,7.4,65.6,117,537.7,4722.7,29.5,843.2,3386.7,492.9
Alaska,1997,701.1,8.9,66.2,106.4,519.7,4571.4,28.6,702.1,3412.2,457.1
Alaska,1998,653.9,6.7,68.6,86.6,492,4123.1,29,667.4,3031.1,424.6
Alaska,1999,630.8,8.4,83.5,91.4,447.6,3728.7,29.2,611.3,2688.3,429.1
Alaska,2000,566.9,4.3,79.3,78.2,405.1,3682.5,32.2,621.9,2685.8,374.8
Alaska,2001,589.5,6.2,79.1,81.1,423.1,3655.1,35.5,607.1,2634.8,413.2
Alaska,2002,565.4,5.1,79.7,76.2,404.4,3759.7,38.2,609.2,2765.3,385.2
Alaska,2003,598,6,93.3,68.8,429.9,3761.6,38.9,597.6,2784.4,379.6
Alaska,2004,632.3,5.6,84.8,68,473.9,3370.9,27.4,573.6,2456.7,340.6
Alaska,2005,632.3,4.8,81.1,81,465.4,3614.8,24,622.8,2600.7,391.3
Alaska,2006,688,5.4,76.4,89.5,516.7,3578.1,33,620.1,2579.5,378.5
Alaska,2007,661.3,6.3,79.7,85,490.3,3379.2,38.5,546.3,2476.9,356
Alaska,2008,652.1,3.9,65.1,94,489,2927.3,24.3,471.7,2218.4,237.2
Alaska,2009,633.4,3.1,73.4,93.6,463.2,2940.4,27.2,515.4,2183.5,241.5
Alaska,2010,635.3,4.3,74.6,83.2,473.2,2836.8,24.9,434.8,2175.3,226.7
Alaska,2011,610.1,4.1,60.2,79.6,466.1,2637.8,30.7,394,2052.1,191.7
Alaska,2012,604.1,4.1,79.8,86.3,433.9,2743.6,25.6,403.9,2131.3,208.4
Alaska,2013,638.7,4.6,125.5,84.5,424.1,2877,20.9,395.7,2251.4,229.9
Alaska,2014,635.5,5.6,104.6,85.3,440,2758.9,19.7,427.4,2095.5,235.9
Alaska,2015,730.8,8,122,103.2,497.6,2820.4,24.7,475.9,2067.1,277.3
Alaska,2016,804.6,7,142,114.6,540.9,3354.7,19.4,546.6,2395.9,412.3
Alaska,2017,829,8.4,116.7,128.5,575.4,3542.1,18.8,563.8,2402.7,575.6
Alabama,1995,632.4,11.2,31.7,185.8,403.7,4215.7,20.7,1024.8,2844.3,346.6
Alabama,1996,565.4,10.4,32.7,166.7,355.6,4254.7,22.1,1002.1,2886.7,365.8
Alabama,1997,564.5,9.9,32.3,160.5,361.8,4325.3,19.2,1013.8,2954.8,356.7
Alabama,1998,512.1,8.1,33.2,130.9,339.9,4085,15.4,964.3,2779,341.7
Alabama,1999,490.2,7.9,34.6,121.2,326.5,3922.3,13.5,884.4,2737.3,300.6
Alabama,2000,486.2,7.4,33.3,128.2,317.2,4059.7,14.3,906.9,2864.8,288
Alabama,2001,438.2,8.5,30.6,125,274.1,3876.8,12.3,909.4,2685,282.4
Alabama,2002,445,6.8,37.2,133.1,268,4027.8,13.5,950.6,2767,310.1
Alabama,2003,429.2,6.6,36.8,134.1,251.7,4046.4,11.5,960.2,2754.1,332.1
Alabama,2004,427,5.6,38.5,133.5,249.4,4029.3,10.6,987,2732.4,309.9
Alabama,2005,432.6,8.2,34.4,141.7,248.3,3900.2,9.1,955.8,2655.5,288.9
Alabama,2006,425.2,8.3,35.8,153.6,227.5,3941,14.7,973.7,2640.8,326.5
Alabama,2007,448.9,8.9,33.4,159.9,246.7,3977.7,14.8,980.6,2689.5,307.7
Alabama,2008,452.8,7.5,34.7,157.6,253,4084.5,13.5,1081.3,2714.3,288.9
Alabama,2009,450.1,6.8,31.9,133.1,278.3,3780.4,10.3,1037.3,2507.5,235.5
Alabama,2010,383.7,5.7,28.3,101.6,248,3528,15.4,887.8,2414.9,225.3
Alabama,2011,419.8,6.2,28.5,102.1,282.9,3605.4,16.5,1064.2,2319.3,222
Alabama,2012,450.3,7.1,26.9,104.2,312.1,3505.5,21.6,985.6,2314.9,205
Alabama,2013,431,7.2,42.5,96.1,285.2,3347.9,15.7,877.3,2252,218.5
Alabama,2014,427.7,5.7,41.4,97,283.6,3179.4,25.7,819.6,2150.5,209.2
Alabama,2015,473,7.2,42,95,328.8,2982.9,15.9,726.5,2043.4,213
Alabama,2016,532.4,8.4,39.4,96.4,388.2,2947.4,21.7,700.4,2005.9,241
Alabama,2017,524.2,8.3,41.6,86.5,387.8,2957.3,14.4,645.7,2048.1,263.4
Arkansas,1995,553.2,10.4,37.2,125.7,379.8,4137.7,26.7,996.9,2815.4,325.4
Arkansas,1996,524.3,8.7,41.7,114.1,359.8,4174.9,24.9,953.2,2908.8,312.9
Arkansas,1997,526.9,9.9,43.5,111.5,361.9,4191.8,23.4,1013.4,2863.8,314.6
Arkansas,1998,490.2,7.9,35.2,96.2,350.9,3793.2,22.3,928.3,2581.8,283.2
Arkansas,1999,425.2,5.6,27.8,79.3,312.4,3617,19.5,850.2,2505.6,261.2
Arkansas,2000,445.3,6.3,31.7,74.8,332.4,3670,19.5,802.1,2608.7,259.3
Arkansas,2001,452.4,5.5,33.1,80.9,332.8,3677.8,20.2,823.7,2582.5,271.6
Arkansas,2002,425,5.2,27.9,93.3,298.6,3738.4,17.5,858.3,2628.3,251.7
Arkansas,2003,456.4,6.6,33.4,81.6,334.7,3632.4,20.8,917.1,2495.1,220.2
Arkansas,2004,502.3,6.4,43,86.3,366.7,4033.1,23.7,1096.4,2699.7,237
Arkansas,2005,528.5,6.8,43.3,91.2,387.2,4067.9,26.1,1085.1,2720.4,262.5
Arkansas,2006,552.8,7.3,47.1,97.8,400.6,3985.4,25.7,1133.6,2584.5,267.4
Arkansas,2007,537.1,7,45.6,109.5,374.9,3955.5,24.1,1130.1,2578.5,246.9
Arkansas,2008,513,5.8,51.2,97.3,358.8,3865,24.7,1187.6,2448.2,229.1
Arkansas,2009,515.8,6.2,47.7,89.2,372.8,3775,21.2,1202.8,2361.3,211
Arkansas,2010,503.5,4.6,45.2,81.1,372.6,3553.5,21.8,1111.1,2252.1,190.3
Arkansas,2011,482.3,5.4,41.9,80.2,354.8,3757.9,20.8,1157.6,2404.1,196.3
Arkansas,2012,469.6,5.9,41.8,78.3,343.5,3708.3,19,1107.6,2406.3,194.4
Arkansas,2013,463.2,5.3,50.4,76.4,331.1,3598.7,17.5,1026.4,2380.4,191.9
Arkansas,2014,480.2,5.9,61.2,68.7,344.5,3352.1,15.3,836.4,2325.7,189.9
Arkansas,2015,529.5,6.3,67.4,71.1,384.7,3270.5,16.4,767.4,2307.7,195.4
Arkansas,2016,554.3,7.3,74.1,71.1,401.8,3282.6,18.1,796.9,2245.2,240.5
Arkansas,2017,554.9,8.6,68.3,64.4,413.6,3078.6,17.8,727.7,2109.5,241.4
Arizona,1995,713.5,10.4,33.6,173.8,495.7,7500.1,36.1,1416.8,4925.6,1157.7
Arizona,1996,631.5,8.5,31.2,167.8,424,6435.5,30.2,1256.3,4252.5,926.7
Arizona,1997,623.7,8.2,32.8,165.7,417.1,6571.3,28.2,1318.9,4282,970.4
Arizona,1998,577.9,8.1,31.1,165.2,373.6,5997,26.5,1209.5,3922.4,865.1
Arizona,1999,551.1,8,28.9,152.5,361.6,5345,26.9,1034.3,3510.2,800.4
Arizona,2000,531.7,7,30.7,146.3,347.7,5297.8,27.4,1011.6,3444.1,842.1
Arizona,2001,540.3,7.5,28.6,167.1,337.1,5537.5,29,1033,3520.8,983.7
Arizona,2002,554.5,7.1,29.6,147,370.8,5849.8,32.5,1085.9,3704,1059.9
Arizona,2003,513.3,7.9,33.3,136.6,335.6,5634,28,1050.6,3561.9,1021.6
Arizona,2004,504.4,7.2,33,134.5,329.6,5073.3,26.6,991,3118.7,963.5
Arizona,2005,512,7.5,33.7,144.1,326.7,4826.9,27.9,946.2,2958.4,922.3
Arizona,2006,542.6,8.6,39.7,153.9,340.3,4774.1,38.2,963.6,2891.9,918.7
Arizona,2007,518,8.6,37.1,154,318.2,4532.6,34.9,946.4,2793.5,792.6
Arizona,2008,485.6,7.1,33.8,150.9,293.8,4102.2,38.8,901.6,2607,593.6
Arizona,2009,426.5,5.8,34.6,124.3,261.8,3589,32.5,823.4,2364.8,400.8
Arizona,2010,413.6,6.4,34.2,108.4,264.7,3536.5,28.5,794.2,2403.4,338.9
Arizona,2011,414.2,6.1,38.6,110.5,259,3554.7,27,845.7,2402.9,306.2
Arizona,2012,428.6,5.5,34.8,112.7,275.6,3536.8,29.9,807.7,2439.4,289.8
Arizona,2013,415.6,5.4,47.8,100.3,262.1,3365.4,26.3,727.8,2381.9,255.7
Arizona,2014,392.7,4.6,48.6,92.5,246.9,3171.5,26.2,645.2,2269.1,257.3
Arizona,2015,410.2,4.5,45.6,93.3,266.9,3039,17.5,557.5,2235.2,246.2
Arizona,2016,471,5.6,47.8,102,315.6,3000.8,16.6,553.2,2180.1,267.5
Arizona,2017,508,5.9,51,106,345,2914.9,16.9,536.3,2107,271.6
California,1995,966,11.2,33.4,331.2,590.3,4865.1,54.1,1120.3,2856.9,887.9
California,1996,862.7,9.1,32.1,295.6,525.8,4345.1,56.3,979.4,2605.1,760.6
California,1997,798.3,8,31.6,252.5,506.2,4067.1,49.2,927.4,2430.9,708.8
California,1998,703.7,6.6,29.9,210.6,456.6,3639.1,43.8,823.5,2217.1,598.5
California,1999,627.2,6,28.2,181.1,411.7,3177.8,43.6,675.3,1994.2,508.3
California,2000,621.6,6.1,28.9,177.9,408.7,3118.2,42.6,656.3,1924.5,537.4
California,2001,615.2,6.4,28.8,186.7,393.3,3278,43.8,671.3,2016.6,590.1
California,2002,595.4,6.8,29.1,185.6,373.8,3361.2,39.9,681.2,2044.7,635.3
California,2003,579.6,6.8,28.2,179.8,364.8,3426.4,38.3,683.2,2062.7,680.5
California,2004,527.8,6.7,26.8,172.3,322,3423.9,35.3,686.1,2033.1,704.8
California,2005,526,6.9,26,176,317.1,3320.6,33.9,692.9,1915.3,712.3
California,2006,533.5,6.8,25.3,195.1,306.2,3181.7,34.9,678.1,1835.3,668.3
California,2007,524.1,6.2,24.7,193.4,299.7,3043.5,31.3,650.7,1790.6,602.2
California,2008,504.2,5.8,24.2,188.8,285.4,2941,29.1,647,1770.2,523.8
California,2009,473.3,5.3,23.6,173.4,271,2731,24.8,622.8,1665,443.3
California,2010,439.6,4.8,22.3,155.6,256.8,2629.9,21.1,612.9,1608.4,408.5
California,2011,411.2,4.8,20.3,144.1,242,2584.2,19.1,610.5,1584,389.7
California,2012,423.5,5,20.6,148.7,249.2,2761.8,19.5,646.8,1671.3,443.7
California,2013,402.6,4.5,26.9,139.6,231.7,2651.2,19.4,603.8,1617.3,430.1
California,2014,396.4,4.4,29.8,125.5,236.7,2441.7,18.4,522.4,1527.8,391.4
California,2015,428,4.8,32.9,135.6,254.8,2628.4,18.9,506.2,1683.6,438.5
California,2016,444.8,4.9,34.9,139.4,265.6,2550,19.8,479.2,1621,449.8
California,2017,449.3,4.6,37.2,143.2,264.2,2496.7,21.9,446.9,1623.9,425.9
Colorado,1995,440.2,5.8,39.5,96.2,298.7,4956.1,41,934.1,3634.5,387.5
Colorado,1996,404.5,4.7,46.2,98.2,255.4,4714,37.3,900.8,3415.5,397.8
Colorado,1997,363.2,4,43.1,83.3,232.8,4287.2,34.9,796.1,3077.3,413.7
Colorado,1998,377.9,4.6,47.4,81.5,244.4,4109.5,36.4,786.5,2917.9,405.1
Colorado,1999,340.5,4.6,41.4,75.3,219.2,3722.8,32.1,665.1,2692.9,364.8
Colorado,2000,334,3.1,41.2,70.5,219.1,3648.6,17.2,630.8,2623.5,394.3
Colorado,2001,349.6,3.6,43.6,80.2,222.3,3856.6,35.7,643.9,2738.9,473.8
Colorado,2002,352.9,4,45.9,79.5,223.5,4000.3,33.1,703.8,2781.4,515.1
Colorado,2003,346.5,4.1,42.1,82.2,218.2,3951.6,32.5,712.3,2737.6,501.7
Colorado,2004,372,4.4,42.3,81.3,244.2,3918.5,25.3,717.3,2679.5,521.6
Colorado,2005,396.7,3.7,43.4,84.7,264.9,4041.1,30,745.1,2736.3,559.7
Colorado,2006,395.4,3.6,45.4,80.4,265.9,3438.4,29.2,681.9,2322,434.6
Colorado,2007,351.8,3.2,42.7,71.2,234.7,2999.2,23.3,589,2067.6,342.6
Colorado,2008,353.9,3.3,43.5,68.9,238.1,2821,26.1,568,1982.7,270.3
Colorado,2009,338.8,3.2,45.2,67.1,223.4,2670.7,21.7,530.1,1892.2,248.4
Colorado,2010,323.7,2.6,44.2,62.7,214.3,2674.5,20.2,519,1932.2,223.3
Colorado,2011,314.4,3,44.7,64.5,202.2,2595.3,20.7,502.8,1877.4,215
Colorado,2012,307.4,2.9,40.9,65.4,198.2,2685.3,17.9,504.2,1948,233.2
Colorado,2013,305.4,3.3,56.2,59.5,186.4,2655,16.2,475.6,1941.8,237.6
Colorado,2014,307.8,2.8,57.7,56.7,190.7,2535.5,17.7,438.8,1861.4,235.2
Colorado,2015,318.4,3.2,61.1,60.8,193.3,2643.6,16,431.1,1918.4,294
Colorado,2016,344.1,3.4,65.7,63.7,211.2,2751.2,17,430.8,1965.2,355.2
Colorado,2017,368.1,3.9,68.8,68.4,226.9,2701.6,18.8,406.9,1904.9,389.9
Connecticut,1995,405.9,4.6,23.7,163.2,214.4,4097.3,39.5,888.4,2668.7,540.2
Connecticut,1996,412,4.8,23.1,169.6,214.6,3815.6,34.5,842.2,2484.1,489.4
Connecticut,1997,390.9,3.8,22.6,152.9,211.6,3593.4,24.9,738.3,2410.4,444.7
Connecticut,1998,366.3,4.1,22.2,133.8,206.2,3420.2,27.6,665.9,2366.3,388.1
Connecticut,1999,345.6,3.3,19.9,123.5,198.9,3043.7,24.7,588,2111.5,344.2
Connecticut,2000,324.7,2.9,19.9,112.5,189.4,2908,19.1,512,2011.4,384.6
Connecticut,2001,334.6,3.1,18.6,121.8,191.1,2774.7,19.4,499.6,1914.7,360.4
Connecticut,2002,312.5,2.4,21.4,117.6,171,2701.3,17.9,494.7,1871.7,334.8
Connecticut,2003,316.8,3.2,20,120.8,172.7,2666.5,16.1,460.1,1880.4,326.1
Connecticut,2004,289,2.9,21.6,119.7,144.9,2684.9,15.5,456.1,1908.3,320.5
Connecticut,2005,272.6,3,20.3,112.3,136.9,2578.6,14,435.5,1840.1,303.1
Connecticut,2006,299.7,3.9,19.9,127.3,148.7,2586.1,15.1,444.6,1847.9,293.6
Connecticut,2007,301.1,3.2,19.7,122.9,155.4,2470.6,14.2,446.6,1739.9,284.1
Connecticut,2008,306.7,3.8,19.4,115.5,168,2490.8,14.3,431.5,1805.4,253.9
Connecticut,2009,300.9,3,18.7,113.7,165.5,2348.4,11.5,431.2,1705.1,212.1
Connecticut,2010,282,3.7,16.6,99.4,162.3,2188.8,12,423.6,1577.8,187.4
Connecticut,2011,275.7,3.6,19.2,102.9,150.1,2152.5,11,431.3,1535.3,186
Connecticut,2012,283.5,3.3,26,103.3,151,2148.5,11,411.7,1556.4,180.4
Connecticut,2013,262.2,2.5,24.8,98.7,136.3,1980.2,7.7,359.3,1447.5,173.4
Connecticut,2014,238.5,2.5,22.1,88.2,125.7,1928.5,8.5,334.3,1424.2,170.1
Connecticut,2015,221.4,3.2,22.3,81.6,114.3,1830.3,8,286.9,1364.1,179.3
Connecticut,2016,227.7,2.2,22,75.6,127.9,1808.3,11.6,281.7,1327.9,198.6
Connecticut,2017,228,2.8,23.3,78.4,123.4,1769.9,9.5,247.8,1318.5,203.7
District of Columbia,1995,2661.4,65,52.7,1239,1304.7,9512.1,22,1838.4,5833.8,1839.9
District of Columbia,1996,2469.8,73.1,47.9,1186.7,1162.1,9426.9,29.8,1809.9,5779.9,1837
District of Columbia,1997,2024.2,56.9,41.2,850.9,1075.2,7814.9,28.4,1316.3,5067.9,1430.8
District of Columbia,1998,1718.5,49.7,36.3,689.5,943,7117,22.8,1216.3,4657.7,1243
District of Columbia,1999,1627.7,46.4,47.8,644.3,889.2,6439.3,20.2,976.3,4181.3,1281.7
District of Columbia,2000,1507.9,41.8,43.9,621.3,801,5768.6,18.5,829.5,3785.4,1153.7
District of Columbia,2001,1602.4,40.3,31.5,658.7,871.9,6139.9,18.1,862.5,3888.5,1388.9
District of Columbia,2002,1637.9,46.4,46,673.6,871.8,6409,19.7,908.4,3814.1,1686.5
District of Columbia,2003,1624.9,44.7,49.1,706.8,824.4,5863.5,0,837.7,3249.3,1776.5
District of Columbia,2004,1369.4,35.7,40.1,577.7,715.9,4852.8,14.6,712,2623.8,1517
District of Columbia,2005,1380,33.5,28.5,635.7,682.2,4489.8,10.5,614.6,2548.9,1326.3
District of Columbia,2006,1508.4,29.1,31.8,658.4,789.1,4653.9,6,659.5,2735.5,1258.9
District of Columbia,2007,1415.1,30.8,32.6,725,626.7,4916.3,10.7,667.4,2956,1292.9
District of Columbia,2008,1437.7,31.4,31.4,748.5,626.4,5104.6,8.6,640,3372.2,1092.4
District of Columbia,2009,1348.9,24.2,25,734.4,565.3,4751.9,9.2,616.4,3213,922.5
District of Columbia,2010,1326.8,21.8,30.9,715,559.1,4761.4,8.1,699.8,3225.9,835.7
District of Columbia,2011,1200.8,17.4,27.9,661.4,494,4790.5,9.9,622,3448.5,720
District of Columbia,2012,1241.8,13.9,37.3,637.3,553.3,4855.7,8.1,555.5,3721.8,578.3
District of Columbia,2013,1296.4,15.9,60.9,628.9,590.8,4790.7,0.3,510.9,3781.6,498.2
District of Columbia,2014,1242.6,15.9,71.5,530,625.2,5175.1,31.8,525.3,4076.5,573.3
District of Columbia,2015,1273.6,24.2,73.7,558.8,617,4690.5,35.7,443.2,3760.3,487
District of Columbia,2016,1203.5,19.9,77.9,511.4,594.3,4731.2,30.1,345,3958.4,427.7
District of Columbia,2017,1004.9,16.7,64,378,546.3,4283.9,32.3,260.7,3650.4,372.8
Delaware,1995,725,3.5,80.2,198.7,442.5,4433.8,13.8,905.3,3114.2,414.2
Delaware,1996,668.3,4.3,62.6,179.9,421.5,4226.6,14.2,804.1,2988.3,434.2
Delaware,1997,785.9,3,58.5,243.6,480.9,4997,16,877.2,3538.8,581
Delaware,1998,762.4,2.8,67.1,194.2,498.3,4600.8,21,859.5,3313,428.2
Delaware,1999,734.4,3.2,70.2,198,463,4103.6,66.1,696,3003.7,403.8
Delaware,2000,684.4,3.2,54.1,177.9,449.2,3793.6,54.5,665.6,2725.9,402.1
Delaware,2001,611.1,2.9,52.7,145.1,410.4,3439.5,54.5,645.7,2444.9,348.9
Delaware,2002,600,3.2,44.4,143.2,409.2,3346,42.6,664.4,2302.3,379.3
Delaware,2003,675.3,2.6,45.2,176.1,451.4,3415.3,44.6,741.4,2314.1,359.8
Delaware,2004,615,3.4,43,161.8,406.8,3283.6,44.1,683,2323.3,277.3
Delaware,2005,633.4,4.4,44.8,155.2,429.1,3117.9,45.7,690.4,2148.5,279.1
Delaware,2006,701,4.9,48.9,209.8,437.4,3476.4,45,742.5,2396,337.9
Delaware,2007,705.4,4.5,39.4,203.9,457.6,3378.5,36.1,742.4,2365.3,270.8
Delaware,2008,708.6,6.5,42.5,211.5,448.1,3594.7,41.5,776.9,2524.9,292.9
Delaware,2009,645.4,4.6,44.6,189.8,406.4,3353.8,34.8,784.4,2354,215.3
Delaware,2010,623.3,5.7,36.2,204.4,377,3453.9,33.5,839.1,2399.8,215
Delaware,2011,566.4,5.3,33.8,171.6,355.8,3431.5,32.2,838.8,2422.7,170.1
Delaware,2012,550.5,6.1,27.2,163.3,353.9,3348.4,24.6,805.7,2385.9,156.8
Delaware,2013,500.7,4.4,43.1,133.3,319.9,3134.4,18.6,680.8,2307.2,146.4
Delaware,2014,488.1,5.3,41.7,135.8,305.2,2982.5,22.9,615.9,2231.4,135.2
Delaware,2015,504.2,6.6,38.2,131.3,328,2705.8,17.1,508.1,2071.3,126.4
Delaware,2016,510,6.1,32.6,142.6,328.6,2767.9,19,527.8,2079.6,160.6
Delaware,2017,453.4,5.6,34.7,112.5,300.5,2440.6,14.6,412.7,1885.6,142.3
Florida,1995,1071,7.3,48.6,299.9,715.1,6630.6,23.7,1522.4,4322.4,785.8
Florida,1996,1051,7.5,52.1,289.2,702.2,6446.3,13,1521.2,4204.5,720.6
Florida,1997,1023.6,6.9,51.9,276.1,688.7,6248.2,22.6,1459.8,4056.9,731.5
Florida,1998,938.7,6.5,49.6,242.7,639.9,5947.4,24.1,1361.7,3886.8,698.9
Florida,1999,854,5.7,46.3,211.6,590.5,5351.5,24.3,1200.3,3534.5,616.7
Florida,2000,812,5.6,44.2,199,563.2,4882.7,21.9,1081.8,3242.9,558
Florida,2001,798.3,5.3,40.6,200.7,551.7,4779.2,22,1075.2,3154.8,549.2
Florida,2002,771.2,5.5,40.5,195.2,530.1,4656.4,19.2,1061.9,3064.3,530.3
Florida,2003,731.1,5.4,39.6,185.4,500.6,4457.3,18.9,1003.8,2973.6,479.8
Florida,2004,711.8,5.4,38,172.5,495.8,4182.5,17.9,956.7,2775.2,450.5
Florida,2005,708.9,5,37.1,169.6,497.2,4012.8,14,927.4,2661.6,423.8
Florida,2006,716.4,6.2,35.8,188.8,485.6,3986.2,14.4,944.6,2619,422.6
Florida,2007,722.6,6.6,33.7,209.1,473.2,4088.8,14.7,996.3,2689,403.4
Florida,2008,688.9,6.4,32.6,197.9,452,4140.5,14,1028.3,2765.7,346.5
Florida,2009,612.5,5.5,29.7,166.7,410.6,3840.8,12,981.1,2588.6,271.1
Florida,2010,541.3,5.2,28.5,138.5,369,3551.4,10.1,897.7,2433.6,220.1
Florida,2011,514.6,5.2,27.6,134.3,347.5,3517.4,9.4,891.8,2418,207.6
Florida,2012,487,5.2,27.2,123.6,330.9,3276.2,9,794.8,2288.2,193.2
Florida,2013,469.3,5,34.5,118.4,311.5,3097.8,8.5,708.7,2210.9,178.1
Florida,2014,458.9,4.9,35.8,108.6,309.5,2932.7,7.7,609.8,2141.1,181.8
Florida,2015,462.5,5.1,37.3,104.4,315.6,2816.9,7.4,539.7,2076.3,200.8
Florida,2016,429.4,5.4,36.8,97.7,289.6,2681,7.1,485.7,1986.5,208.8
Florida,2017,408,5,37.8,88.6,276.5,2512.4,3.8,423.4,1884.5,204.5
Georgia,1995,657.1,9.5,35.3,205.2,407.1,5346.5,22.4,1059.9,3678.3,608.4
Georgia,1996,638.7,8.6,32.1,205.4,392.8,5671,22.5,1114.8,3927.7,628.5
Georgia,1997,606.6,7.5,31.1,206.7,361.3,5185.1,16.8,1086.3,3503.4,595.4
Georgia,1998,572.7,8.1,30.4,187.2,347,4890.3,17,990.8,3342.8,556.6
Georgia,1999,533.9,7.5,29.8,166.4,330.3,4614.4,14.6,917.1,3182.2,515.1
Georgia,2000,504.7,8,24,161.9,310.9,4246.4,15.3,836.6,2937,472.8
Georgia,2001,495.7,7.1,25.9,171.3,291.4,4138.5,15.4,854.2,2837.2,447.2
Georgia,2002,459.6,7.1,24.7,157.2,270.7,4056.2,16.4,865.3,2745.7,445.2
Georgia,2003,454.5,7.6,25.7,161.9,259.3,4259.7,15.2,910.5,2849,500.1
Georgia,2004,451,6.9,26.8,153.1,264.2,4223.5,14.3,930.6,2796.8,496
Georgia,2005,445.9,6.2,23.5,153.7,262.5,4144.9,16,924.9,2733,487
Georgia,2006,477.9,6.5,23.2,165.6,282.7,3873.5,15,909.2,2503.7,460.6
Georgia,2007,491.5,7.5,23,181.2,279.8,3889.6,16.6,946,2498.1,445.5
Georgia,2008,488.9,6.6,24.1,183.9,274.3,4005,16.8,1038.3,2557.5,409.3
Georgia,2009,428,5.8,23.6,148.9,249.8,3672.6,13.8,1003.2,2332,337.4
Georgia,2010,402.3,5.7,21.7,127.4,247.5,3639.2,12.3,998.2,2328.6,312.4
Georgia,2011,374.6,5.6,21.1,125,223,3640.6,12.6,978.5,2359.7,302.5
Georgia,2012,380,5.9,21.6,126.1,226.4,3423.6,12.5,877.3,2257.8,288.5
Georgia,2013,375.4,5.6,28.9,127.1,213.7,3399.9,11.2,835,2293.1,271.7
Georgia,2014,385.8,6,31.2,126.6,222,3358.8,10.5,772.8,2311.1,274.9
Georgia,2015,381.3,6.1,31.9,123,220.3,3098.3,8.6,668.2,2164,266.2
Georgia,2016,390.4,6.6,32.8,117.5,233.6,2979.6,10.5,608.1,2114.9,256.6
Georgia,2017,357.2,6.7,26.1,96.3,228.1,2860.2,8.8,530.9,2077.4,251.8
Hawaii,1995,295.6,4.7,28.3,130.8,131.8,6902.9,32.2,1165.3,5046.9,690.7
Hawaii,1996,280.6,3.4,27.5,135.6,114,6304,29.8,1079.5,4620,604.5
Hawaii,1997,277.9,4,31.3,118.2,124.5,5745,32.1,1073.4,4126.7,544.9
Hawaii,1998,246.9,2,29.5,102.7,112.7,5086.1,31.3,936.2,3681,468.9
Hawaii,1999,234.9,3.7,29.9,88.1,113.3,4600.5,29.7,794.7,3412.7,393.1
Hawaii,2000,243.8,2.9,28.6,92.7,119.7,4955.1,33.4,880.3,3570.2,504.6
Hawaii,2001,254,2.6,33.3,93.1,125,5120.5,41.3,909.7,3661.3,549.5
Hawaii,2002,262.9,1.9,30,97.5,133.5,5801.4,42.5,1025.4,3977.2,798.8
Hawaii,2003,272.3,1.8,29.4,93.5,147.6,5274.6,40.8,913.6,3588.1,772.8
Hawaii,2004,254.6,2.6,26.4,74.8,150.8,4795.5,41.9,857.8,3254.7,683
Hawaii,2005,255.5,1.9,26.9,78.6,148,4799.8,51.8,769,3313.3,717.4
Hawaii,2006,280.7,1.6,27.5,89,162.6,4219.9,53.7,678.6,2939.3,602
Hawaii,2007,276.1,1.9,29.4,87.4,157.5,4119.3,43.2,708.2,2921.5,489.6
Hawaii,2008,272.5,2,28.2,84.2,158.1,3566.5,39.5,730,2439.4,397.1
Hawaii,2009,274.1,1.8,29.7,79.5,163.1,3668.7,38.7,713.7,2580,375
Hawaii,2010,264.3,1.8,27.7,78.1,156.7,3349.6,32.3,638.6,2323.7,387.3
Hawaii,2011,251.4,1.5,25.6,72.1,152.2,3183.6,25.9,592.5,2266.8,324.3
Hawaii,2012,243,1.5,20.1,80.9,140.5,3123.5,22.4,550.5,2294.9,278
Hawaii,2013,254.4,2.3,36.1,66.3,149.8,3212.7,15.8,552,2337,323.7
Hawaii,2014,236.7,1.4,38.6,67,129.7,3240.4,10.4,526,2323.7,390.7
Hawaii,2015,293.4,1.3,39.2,84,168.9,3796.2,29.1,458,2934.5,403.7
Hawaii,2016,241.6,2.4,43.3,68.9,128.2,2964.5,33.9,418.8,2160.8,384.9
Hawaii,2017,250.6,2.7,39.7,75.4,132.7,2829.5,35.5,388.7,2071.7,369.1
Iowa,1995,354.4,1.8,21.8,53,277.8,3747.5,24.2,757.5,2767.2,222.8
Iowa,1996,272.5,1.9,19.7,45.1,205.9,3376.4,22.6,664.6,2520.8,191.1
Iowa,1997,310,1.8,20.3,55.9,232,3505.8,20.3,771.5,2500,234.3
Iowa,1998,311.5,1.9,25.4,50.9,233.3,3189.1,22.7,673.7,2306.6,208.7
Iowa,1999,280,1.5,27.2,36.6,214.7,2943.6,22.7,592.9,2171.7,179
Iowa,2000,266.4,1.6,23.1,36.6,205.1,2967.3,0,558.4,2225.2,183.6
Iowa,2001,268.2,1.7,22.1,39.4,205.1,3023,20.8,575.9,2259.4,187.8
Iowa,2002,285.7,1.5,27.1,39.8,217.2,3163.6,21.8,635,2330.2,198.3
Iowa,2003,277.9,1.7,27.1,38.4,210.7,2976,20.8,595.3,2189,191.7
Iowa,2004,287.8,1.5,26.5,39.3,220.6,2904.8,21.5,607.1,2106.9,190.8
Iowa,2005,293.3,1.3,28.6,38.9,224.5,2845,20.1,611.9,2047.6,185.5
Iowa,2006,285.7,1.8,29.2,43.9,210.8,2823.6,23.9,609,2045.5,169.1
Iowa,2007,300.2,1.3,32.5,44.4,222,2648.3,21.3,574.8,1908.2,165.3
Iowa,2008,288.1,2.6,31.2,41.6,212.8,2440.4,20.1,552.8,1741.8,145.7
Iowa,2009,282.1,1.3,29.6,39.9,211.3,2329.9,18.7,545.9,1654.2,129.8
Iowa,2010,268.5,1.2,28.9,33.2,205.2,2253.6,15.9,549,1580,124.6
Iowa,2011,257.3,1.4,28.3,26.9,200.7,2351.2,16.9,573.5,1647.2,130.5
Iowa,2012,265.6,1.6,29.3,31.3,203.4,2288,18,559.4,1597.2,131.4
Iowa,2013,273,1.3,36.6,30.3,204.8,2198.2,14.8,514.8,1545.9,137.6
Iowa,2014,272.8,1.9,37,33.7,200.3,2093.6,13,461.9,1498.4,133.2
Iowa,2015,276.1,2.3,38.6,33.6,201.5,2072,14.1,479.7,1451.9,140.4
Iowa,2016,292.9,2.3,40.8,36.7,213,2104.5,12,488.9,1455.8,159.8
Iowa,2017,293.4,3.3,39.2,39.8,211,2125.3,13.5,479.3,1468.6,177.4
Idaho,1995,322,4.1,28.4,24,265.5,4079.4,30.4,779.8,3057.6,242
Idaho,1996,267.2,3.6,26.3,20.3,217,3745.3,25.4,709.1,2848.8,187.5
Idaho,1997,256.8,3.2,28.9,19.6,205,3668.4,26.2,758.3,2709.4,200.7
Idaho,1998,282.2,2.9,31.4,21.5,226.4,3432.5,24.7,693.1,2553.7,185.7
Idaho,1999,244.9,2,33.3,17.8,191.8,2905.1,21.8,610.4,2143,151.6
Idaho,2000,252.5,1.2,29.7,17.2,204.3,2933.7,0,566.5,2206,161.2
Idaho,2001,243.1,2.3,32.2,18.6,190.1,2891.2,22.2,568.5,2141.9,180.9
Idaho,2002,254.6,2.7,37,17.9,197,2913.2,24.9,554,2163.6,195.6
Idaho,2003,245.9,1.9,39.1,17.9,187,2929.1,23.8,573.3,2162.3,193.6
Idaho,2004,247.4,2.2,42.6,17.3,185.4,2781,22,549.8,2034.8,196.3
Idaho,2005,256.8,2.4,40.4,18.6,195.3,2697.4,19.9,564.3,1931.3,201.8
Idaho,2006,250,2.4,41.7,20,185.9,2395.9,19.4,514.5,1715.3,166.1
Idaho,2007,256.2,3.3,40.5,16.2,196.2,2275.8,24.1,475.6,1649.1,151.1
Idaho,2008,241.5,1.5,38,15.7,186.3,2096.1,17.2,442.8,1544.3,108.9
Idaho,2009,246.2,1.6,37.2,16.4,191,2019.7,15.5,432.3,1492.2,95.2
Idaho,2010,220.5,1.4,33.9,13.6,171.6,2000.9,15.2,414.5,1501.7,84.6
Idaho,2011,202.2,2.2,28,11.9,160.1,2075.8,14.3,436.6,1555.1,84
Idaho,2012,209.8,1.9,31,15.2,161.7,1994.6,15.9,453.8,1454.2,86.6
Idaho,2013,215.2,1.8,41.8,13.6,158,1874.3,12.2,415,1364,95.4
Idaho,2014,210.4,2,39.5,12.4,156.5,1862,13.8,395.5,1363.9,102.6
Idaho,2015,217.4,1.9,42.5,11.6,161.4,1749.2,14.7,370.5,1265.5,113.3
Idaho,2016,230.7,2.9,42.8,12.7,172.3,1747.4,11.4,376.1,1247.7,123.6
Idaho,2017,226.4,1.9,41.2,11.4,172,1635.4,10.5,329.4,1181.1,125
Illinois,1995,996.1,10.3,36.5,330.8,618.5,4459.6,12.2,917.6,3019,523
Illinois,1996,890.4,10,38.4,279.4,562.6,4429.6,15.5,913.2,3026.2,490.2
Illinois,1997,861.4,9.2,37.1,278.4,536.7,4279.7,15.1,870.5,2943.3,465.9
Illinois,1998,807.7,8.4,34,248.5,516.9,4050.8,12.9,811.9,2799.4,439.5
Illinois,1999,689.5,7.7,35.4,217.4,428.9,3825.2,12.1,711.7,2646.3,467.2
Illinois,2000,653.8,7.2,31.6,206.5,408.5,3585.4,10.5,659.1,2521.6,404.7
Illinois,2001,633.1,7.8,32,199.1,394.1,3471.6,10.6,632.2,2450.1,389.2
Illinois,2002,601.9,7.6,34.7,201.1,358.4,3420.2,10.6,647,2417.1,356
Illinois,2003,556.4,7.1,33.1,188,328.1,3287.9,15.7,619.4,2339.4,329.1
Illinois,2004,545.7,6.1,33.2,177.6,328.7,3174.1,8.1,598.6,2257.9,317.6
Illinois,2005,552.2,6,33.8,182.2,330.3,3091.7,7.1,608.2,2175.1,308.4
Illinois,2006,541.6,6.1,31.8,185.3,318.4,3019.6,13.7,602.1,2124.2,293.3
Illinois,2007,533.2,5.9,31.9,179.7,315.7,2935.8,13.6,587.6,2084.5,263.7
Illinois,2008,525.4,6.1,31.9,186.4,300.9,2932.6,12.5,612.1,2068.1,252.5
Illinois,2009,497.2,6,30.2,177.6,283.4,2736.9,14.5,603,1927.3,206.6
Illinois,2010,444.9,5.5,23.9,158.7,256.8,2718.1,16.5,603.3,1889.7,225.1
Illinois,2011,424,6.1,23.6,157.2,237.1,2678.7,24.1,604.4,1845.8,228.5
Illinois,2012,416.2,6,27.8,151.4,231,2585.5,25.8,552.5,1828.6,204.3
Illinois,2013,403.1,5.6,41.4,137.6,218.5,2296.6,18.2,458.4,1676.1,162.1
Illinois,2014,370.9,5.4,33.6,118.5,213.4,2093.2,18.5,394,1560.3,138.8
Illinois,2015,387.5,5.9,38.4,117.3,226,2001.4,18.4,364.9,1498.7,137.8
Illinois,2016,436.7,8.3,39,138.9,250.6,2051,19.8,375.5,1520.7,154.8
Illinois,2017,438.8,7.8,43.4,137.2,250.4,2011.4,14.1,339.5,1508.8,163.1
Indiana,1995,524.7,8,33.3,135.2,348.3,4106.8,33.8,821.6,2819.5,465.7
Indiana,1996,537,7.2,34.1,124.1,371.6,3961.2,33.2,783.8,2752.6,424.9
Indiana,1997,514.6,7.3,32.9,132.4,342.1,3951.6,24,821.7,2701.9,428
Indiana,1998,431,7.7,33.1,111.2,279,3738.4,23,789.2,2590.1,359.2
Indiana,1999,374.6,6.6,27,109.3,231.7,3391.4,21,714.5,2335.5,341.4
Indiana,2000,349.1,5.8,28.9,103.3,211.1,3402.8,19.7,676.1,2379.9,346.8
Indiana,2001,371.1,6.7,28,117,219.3,3452.9,20,697.9,2404.1,350.9
Indiana,2002,357.3,5.9,29.9,107.4,214.1,3394,21.2,692,2372.5,329.5
Indiana,2003,352.3,5.5,27.7,103.2,215.9,3355.7,23,670.7,2349.9,335
Indiana,2004,325.9,5.1,29,102.4,189.5,3403.6,24.1,677.2,2387.7,338.7
Indiana,2005,324,5.7,29.6,108.7,180,3459.6,21.3,698.3,2414.3,347
Indiana,2006,321.6,5.7,28.7,113.6,173.5,3449.5,20.7,721.3,2386.2,342
Indiana,2007,335.8,5.5,27.4,123.6,179.3,3370.8,21.5,732.6,2332.4,305.8
Indiana,2008,337.6,5,26.8,118.9,186.8,3350.3,21.2,765.4,2310.5,274.4
Indiana,2009,334,4.9,25.2,114.4,189.5,3112.3,17.9,761,2135.9,215.4
Indiana,2010,323.3,4.1,27.1,101.1,191,3070.2,18.3,748.3,2113.9,208
Indiana,2011,331.8,4.7,27,107.1,193,3161.5,17.6,776.1,2158.1,227.4
Indiana,2012,344.8,4.7,25.4,101,213.8,3028.5,18.6,729.4,2090.4,208.6
Indiana,2013,359.6,5.4,34.1,108.3,211.8,2853.1,15.4,650.7,1986.6,215.9
Indiana,2014,365.3,5,33.3,104.5,222.5,2651,12.4,559.4,1881.6,210
Indiana,2015,383.7,5.6,36.1,107.1,234.9,2599.2,10.8,520.3,1874.3,204.7
Indiana,2016,399.7,6.5,36.9,109.9,246.4,2539.3,11.5,506,1815.7,217.7
Indiana,2017,399,6,39.4,99,254.6,2416.9,11.5,452.1,1733.8,231
Kansas,1995,420.7,6.2,36.6,108.2,269.8,4466.2,0,1068.4,3074.3,323.5
Kansas,1996,413.8,6.6,42.6,96.3,268.3,4268,0,981.3,3038.3,248.4
Kansas,1997,429.7,5.8,45.4,97.7,280.8,4722.7,0,936.1,3538.5,248.1
Kansas,1998,417.3,6.6,42.9,87,280.9,4454.7,0,950.3,3245.7,258.7
Kansas,1999,382.8,6,40.1,77.1,259.5,4055.8,0,824.2,3003.8,227.9
Kansas,2000,389.4,6.3,38,76.2,269,4019.4,0,799.1,2978.6,241.6
Kansas,2001,403.7,3.4,35,89.7,275.7,3905.7,28.1,759.2,2851,295.5
Kansas,2002,377.2,2.9,38.2,79.8,256.3,3716,26.6,725.7,2724.3,266
Kansas,2003,397.5,4.6,39.8,82.5,270.6,4010.4,30.6,806.4,2916.6,287.4
Kansas,2004,377.9,4.5,41.8,66.3,265.4,4015.5,29.4,737,2967.2,311.3
Kansas,2005,389.4,3.7,40,65.3,280.4,3805.7,31.4,692.4,2773.6,339.8
Kansas,2006,432.7,4.5,46.3,67.9,314,3772,34.3,726.7,2729.7,315.6
Kansas,2007,458.6,3.8,46.4,72.8,335.6,3709,31.2,737.1,2662.1,309.8
Kansas,2008,412.3,4,43.8,60,304.6,3386.1,31.4,701.3,2420.5,264.3
Kansas,2009,406.6,4.4,41.8,63.4,296.9,3225.9,30.2,690.8,2323.7,211.4
Kansas,2010,370.8,3.4,40.1,53.8,273.5,3116.6,25.7,675.6,2230.5,210.6
Kansas,2011,355.7,3.9,39.1,50.4,262.3,3088.6,26,651.9,2203.8,232.9
Kansas,2012,356.7,2.9,38.3,51.7,263.7,3156.1,28.1,654.1,2267,234.9
Kansas,2013,342.8,4,44.7,46.2,247.8,2959.6,20.2,603.5,2125.7,230.4
Kansas,2014,352.6,3.2,51.1,46.9,251.5,2757.2,20.6,548.5,1969.6,239.1
Kansas,2015,395,4.3,57.9,62.7,270.1,2754.3,22.6,537.3,1975.9,241
Kansas,2016,401.2,4.5,55.6,60.4,280.6,2830.1,18.2,507.6,2067.6,255
Kansas,2017,413,5.5,55.9,61.3,290.3,2800.9,19.6,478.2,2053.3,269.3
Kentucky,1995,364.7,7.2,31.9,103.7,222,2987,37.3,735.5,1992.4,259.1
Kentucky,1996,320.5,5.9,31.7,93.8,189.2,2845.8,13.7,688.4,1896.3,261.1
Kentucky,1997,316.9,5.8,33.4,90.7,187,2810.1,11.7,681.6,1880.4,248.1
Kentucky,1998,328,6,28.1,88.1,205.7,2787.6,10.5,711.3,1828.5,247.8
Kentucky,1999,308.3,5.1,29,78.4,195.8,2645.1,10.8,635.7,1785.5,223.9
Kentucky,2000,294.5,4.8,27,80.6,182.2,2665.2,9.6,626.2,1809.6,229.5
Kentucky,2001,258.3,4.4,25.8,80.3,147.7,2638.5,10.1,662.7,1756,219.8
Kentucky,2002,271.4,4.7,26.6,76.6,163.6,2655.1,8.4,657.5,1769.7,227.9
Kentucky,2003,248.5,4.4,27.3,78.3,138.5,2510.1,7,632.2,1677.5,200.4
Kentucky,2004,245.1,5.7,29.9,78.9,130.6,2540.2,3,625.4,1703,211.8
Kentucky,2005,266.8,4.6,34.1,88.4,139.8,2531,19,634.1,1686.1,210.8
Kentucky,2006,270.1,4.1,31.2,91.5,143.3,2601.7,11.3,662.5,1716.5,222.6
Kentucky,2007,290.7,4.9,32.2,95.9,157.7,2546,8.2,655.9,1685.5,204.6
Kentucky,2008,297.2,4.7,34.1,95.6,162.8,2681.8,7.2,692.3,1810.1,179.4
Kentucky,2009,255,4.3,35.5,84.4,130.8,2524.6,18.1,692.6,1690.7,141.3
Kentucky,2010,243.9,4.3,33.1,86.2,120.3,2557.3,15.9,700.3,1713.5,143.5
Kentucky,2011,239.6,3.5,34.3,84.8,117,2725.9,15.5,750,1822.5,153.5
Kentucky,2012,224.9,4.6,30,81,109.4,2575.5,16.1,682.2,1739.8,153.5
Kentucky,2013,210.9,3.9,37.4,73.8,95.8,2374,14.4,598.5,1637.6,137.9
Kentucky,2014,215.2,3.7,35.3,75.8,100.4,2264.2,12,530.9,1588.8,144.5
Kentucky,2015,223.5,4.9,37.2,74.9,106.5,2204.6,8.3,509.1,1517.5,178
Kentucky,2016,235.6,6,39.4,76,114.2,2202.7,13.2,471.9,1506.6,224.3
Kentucky,2017,225.8,5.9,37.3,66.4,116.2,2129.1,11.2,453.4,1445.7,230
Louisiana,1995,1007.4,17,42.7,268.6,679,5668.6,21.5,1231.7,3838.5,598.4
Louisiana,1996,929.1,17.5,41.5,276.6,593.5,5909.7,23.6,1295.8,3982.3,631.6
Louisiana,1997,855.9,15.7,41.3,239.1,559.7,5593.4,26.3,1239.3,3748,606
Louisiana,1998,779.5,12.8,36.8,198,531.9,5318.8,31.3,1172.1,3605.1,541.6
Louisiana,1999,732.7,10.7,33.1,173.6,515.2,5014.1,31.4,1092.7,3425.2,496.2
Louisiana,2000,681.1,12.5,33.5,168.5,466.6,4741.7,28.4,1035.8,3229.9,475.9
Louisiana,2001,686.3,11.2,31.4,175.9,467.7,4646,25.1,1039.1,3121.8,485.1
Louisiana,2002,663.3,13.2,34.2,159.1,456.7,4442.1,22,1013.1,2978,451
Louisiana,2003,636.9,13,35.6,156,432.4,4310.5,21.4,991.9,2881.2,437.4
Louisiana,2004,640,12.7,35.9,145.7,445.8,4419.1,23,1006.5,2975.1,437.4
Louisiana,2005,596.6,10,31.5,118.4,436.6,3696.4,19.6,873.7,2503.5,319.2
Louisiana,2006,721.2,12.9,37,138.3,533,4080.8,21.9,1089.2,2626.2,365.4
Louisiana,2007,740.4,14.6,33.2,147.1,545.5,4204.7,19.5,1093.2,2755.3,356.2
Louisiana,2008,671.4,12.3,28.3,141.5,489.2,3880.9,19,1032.1,2541.3,307.5
Louisiana,2009,642.9,11.8,30.1,136.9,464.1,3842.7,15.8,1044.7,2540.1,258
Louisiana,2010,555.3,11,27.1,116.5,400.7,3644.8,15.6,999.6,2425.8,219.3
Louisiana,2011,554.6,11.1,27.6,114.4,401.6,3683.9,15.3,1010.8,2473.9,199.2
Louisiana,2012,496.3,10.6,25.1,118.6,342,3534.7,12.4,913.4,2450.3,171.1
Louisiana,2013,521.2,10.7,38.1,119.7,352.8,3578.9,10.2,890.3,2490.7,198
Louisiana,2014,515.9,10.2,29.7,123.1,352.8,3467.2,13.5,829,2436,202.2
Louisiana,2015,539.8,10.5,37.1,119.1,373,3377.8,12.4,759.4,2410,208.4
Louisiana,2016,565,11.8,38.8,119,395.4,3297.2,11.4,740.2,2336.5,220.4
Louisiana,2017,557,12.4,39.9,114.4,390.3,3366.8,12.7,731.5,2401.3,234
Massachusetts,1995,687.2,3.6,29,150.4,504.2,3654.4,73.5,817.7,2232.2,604.5
Massachusetts,1996,642.2,2.6,29,127.7,482.9,3194.9,47.5,704.1,1962.6,528.2
Massachusetts,1997,644.2,1.9,26.9,109.1,506.2,3031,50.3,661.8,1887.8,481.4
Massachusetts,1998,621.3,2,27.4,96.6,495.2,2814.6,7.8,607.3,1777.7,429.5
Massachusetts,1999,551,2,26.9,96,426,2711.5,10.5,533.8,1762.6,415
Massachusetts,2000,476.1,2,26.7,91.6,355.9,2550,0.4,482,1660.5,407.6
Massachusetts,2001,477.8,2.2,29,101.2,345.4,2610.1,10.8,506.6,1668.8,434.7
Massachusetts,2002,484.9,2.7,27.7,111.6,342.9,2612.2,10.4,517.7,1680.6,414
Massachusetts,2003,473.1,2.2,28.8,124.8,317.4,2562.8,10.5,544.6,1620.9,397.3
Massachusetts,2004,460.2,2.7,28,116.8,312.8,2468.2,9.3,538.4,1585.7,344.1
Massachusetts,2005,460.8,2.8,27.2,121.8,309,2358.4,9.7,539.8,1524.5,294.1
Massachusetts,2006,500.5,2.9,27.5,125.5,344.5,2391.5,10.3,547.5,1564.7,279.2
Massachusetts,2007,441.7,2.9,25.5,108.9,304.4,2399.2,10.6,554.5,1611.3,233.4
Massachusetts,2008,463.8,2.6,26.9,108.9,325.4,2399.5,10.6,557.9,1645.3,196.3
Massachusetts,2009,462.6,2.6,26.3,113.2,320.4,2323.1,10.7,523.5,1619.7,179.9
Massachusetts,2010,468.9,3.3,27.2,105.2,333.2,2356.8,10,578.2,1603.6,175
Massachusetts,2011,427.3,2.8,25,102.4,297,2252.6,8.5,551,1538.4,163.2
Massachusetts,2012,407,1.8,24.8,98.6,281.7,2156.8,9.3,521.2,1496.6,139
Massachusetts,2013,406.4,2.1,34.3,99.9,270.1,2046.2,7.6,457.8,1452.4,136
Massachusetts,2014,395.1,2,32.6,90,270.6,1857.6,7.1,369.4,1365.3,122.9
Massachusetts,2015,389.9,1.9,30.7,77.6,279.7,1688.4,5.7,321.7,1248.1,118.6
Massachusetts,2016,380.7,2,31.4,78.6,268.7,1559.7,6.5,281.4,1160,118.3
Massachusetts,2017,358,2.5,32,71,252.5,1437,5.5,249.1,1078,109.9
Maryland,1995,986.9,11.8,42.2,423.1,509.7,5307.9,61.8,1057.5,3532.8,717.6
Maryland,1996,931.2,11.6,37.6,393.2,488.8,5130.7,50,992.3,3427,711.4
Maryland,1997,846.6,9.9,35.6,336.8,464.4,4806.5,48.9,940.7,3263.8,602
Maryland,1998,796.6,10,33.4,298.7,454.5,4569.1,50.5,922.9,3096.8,549.4
Maryland,1999,743.4,9,30,263.7,440.8,4176.1,46,835.9,2848.2,492
Maryland,2000,786.6,8.1,29.1,256,493.3,4029.5,44,744.4,2745.7,539.5
Maryland,2001,781.4,8.3,26.9,251.1,495.1,4075.5,49.7,771.5,2709.5,594.6
Maryland,2002,770.8,9.4,25.1,246.2,490.1,3983.2,44.6,729.6,2629.5,624.2
Maryland,2003,703.5,9.5,24.6,241.3,428,3799.1,39.5,701,2437.7,660.4
Maryland,2004,700.6,9.4,23.7,229.7,437.9,3640.7,42.2,660,2335.6,645.2
Maryland,2005,704.3,9.9,22.6,257.2,414.6,3550.9,43.1,642.7,2298.8,609.5
Maryland,2006,678.6,9.7,21,256,392,3481,44.6,667,2270.4,543.5
Maryland,2007,641.9,9.9,21,236,375.1,3431.5,39.4,660.2,2265.9,505.4
Maryland,2008,628.2,8.8,20,234.4,365.1,3517.6,40.5,689.6,2378.3,449.7
Maryland,2009,590,7.7,20.3,210.7,351.3,3198.5,30.9,647.5,2206.7,344.2
Maryland,2010,546.3,7.4,21.2,191.1,326.7,2995.5,27.6,634.4,2049.5,311.6
Maryland,2011,493.5,6.8,20.5,177.1,289,2857.2,25.2,613.5,1968.5,275.2
Maryland,2012,477.3,6.3,21,172.9,277,2758.1,23.2,574.4,1929.5,254.1
Maryland,2013,475.4,6.5,28.3,169.2,271.5,2659.1,20.3,538,1895.2,225.9
Maryland,2014,448,6.1,27.3,160.1,254.5,2516.8,16.6,470.8,1826.5,219.5
Maryland,2015,470.1,9,28.6,168.7,263.9,2377.8,16.1,440.9,1713.1,223.8
Maryland,2016,481.7,8.9,30.3,179.5,262.9,2319,16.1,412.2,1676.3,230.5
Maryland,2017,500.2,9,27.9,185.1,278.2,2222.3,15.6,388.4,1609.7,224.2
Maine,1995,131.4,2,21.4,26.9,81.1,3153.3,19.6,726.4,2292,134.8
Maine,1996,124.9,2,20.9,23.5,78.5,3269.2,23.3,748.4,2377.9,142.9
Maine,1997,120.8,2,20.5,20.7,77.6,3011,20.5,663.5,2215.2,132.2
Maine,1998,125.9,2.1,18.1,21.1,84.6,2914.9,16.3,666.8,2126.8,121.3
Maine,1999,112,2,19.1,19.4,71.6,2762.7,15.5,601.1,2026.4,135.2
Maine,2000,109.6,1.2,25.1,19.4,63.9,2510.2,15.4,531.4,1875.1,103.7
Maine,2001,111.7,1.5,25.4,20.6,64.3,2581.1,16.1,537,1914,130.1
Maine,2002,107.8,1.1,29.1,20.9,56.8,2547.3,14.1,537.9,1899.1,110.4
Maine,2003,108.6,1.2,27,22.1,58.3,2450.2,15,502.5,1836.5,111.2
Maine,2004,103.7,1.4,24,22,56.4,2413.7,14.3,482.2,1832.4,99.1
Maine,2005,112.5,1.4,24.7,24.5,61.8,2419.1,9.3,479.7,1837.2,102.3
Maine,2006,116,1.7,25.8,29,59.5,2546.8,15.2,518,1926.9,101.9
Maine,2007,118.8,1.5,29.8,26.5,61,2448.3,18.7,512.1,1839.3,96.9
Maine,2008,119.4,2.4,28.8,25.3,63,2463.7,15,498.2,1875.9,89.6
Maine,2009,119.9,2,28.4,30.3,59.2,2405.1,18.7,510.4,1817.1,77.5
Maine,2010,122.1,1.8,29.3,31,60,2478.6,19.1,554.8,1849.3,74.5
Maine,2011,123.3,2,29.7,27.9,63.8,2546.3,20.1,592,1873.2,81.1
Maine,2012,122.4,2,28,31.6,60.8,2514,18,562.7,1876.6,74.6
Maine,2013,132.5,1.8,37.3,25.2,68.3,2292,11.6,487.7,1735.8,68.6
Maine,2014,127.6,1.6,36.4,22.9,66.8,1986.6,7.7,378.5,1547.9,60.2
Maine,2015,129.8,1.7,34.7,23.4,70,1832.4,6.9,353.1,1418.1,61.2
Maine,2016,124,1.5,31,20.1,71.3,1646.9,16.3,300.8,1287.8,58.3
Maine,2017,121,1.7,35.4,18.6,65.3,1507.1,11.5,249.6,1198.1,59.4
Michigan,1995,687.8,8.5,62,187.3,430.1,4495,41.9,909.7,2939.7,645.5
Michigan,1996,635.3,7.5,57,176.2,394.6,4482.2,47.1,895.4,2886.3,700.5
Michigan,1997,590,7.8,51.9,152.8,377.5,4326.9,55.6,825.9,2832.6,668.4
Michigan,1998,620.8,7.3,50.4,155.8,407.3,4062.1,51,837.8,2630,594.3
Michigan,1999,574.9,7,49.2,143,375.7,3750,46.3,778,2396.2,575.8
Michigan,2000,555,6.7,50.6,138,359.7,3554.9,23.4,702.2,2291.9,560.7
Michigan,2001,553.9,6.7,52.6,129.3,365.3,3521.3,42.5,719.9,2265.7,535.7
Michigan,2002,540.7,6.8,53.4,118,362.6,3336.2,48.8,706.6,2134.4,495.1
Michigan,2003,511.3,6.1,54.3,111.6,339.3,3278.6,40.7,677.6,2068.3,532.7
Michigan,2004,492.2,6.4,54.3,112.2,319.4,3066.1,36.9,635.7,1929.8,500.6
Michigan,2005,553.8,6.2,51.5,132.1,363.9,3097.7,31.8,698.2,1921.5,477.9
Michigan,2006,564.4,7.1,53,140.9,363.4,3225.1,32.1,755.9,1973,496.2
Michigan,2007,533.8,6.6,45.6,132.7,349,3063.5,29.7,747.4,1899.2,416.9
Michigan,2008,514.9,5.5,45.1,132.4,331.9,2950,28.6,747.6,1844.9,357.4
Michigan,2009,499.8,6.2,45.4,124.6,323.5,2848.8,26.8,762.8,1791.7,294.3
Michigan,2010,493,5.9,47.9,116.7,322.5,2748.8,30.4,752.7,1718.6,277.5
Michigan,2011,442.8,6.2,44,103.9,288.6,2544.6,27,706.3,1586.2,252.2
Michigan,2012,455,7.1,46.9,105.5,295.5,2522.1,24.5,663.4,1604.9,253.8
Michigan,2013,452.2,6.3,68.5,102,275.3,2325,20.2,568.3,1513.3,243.3
Michigan,2014,429.1,5.5,64.2,81,278.4,2044,17.2,447,1383,214
Michigan,2015,420.6,5.9,67.7,78.8,268.2,1927.8,20.4,407.1,1331.1,189.5
Michigan,2016,460.9,6.2,73.2,71.7,309.9,1915.2,17.9,400,1311.2,204
Michigan,2017,450,5.7,70.6,65.1,308.5,1800,19.7,357.8,1245.7,196.5
Minnesota,1995,356.1,3.9,56.2,123.7,172.2,4141.2,25.9,797.3,3002.5,341.5
Minnesota,1996,338.8,3.6,50,115.6,169.7,4124.3,34.2,762.5,2977.1,384.8
Minnesota,1997,337.8,2.8,52.2,114.7,168.1,4076.1,28.7,752.6,2942.2,381.3
Minnesota,1998,310.2,2.6,49.9,92.5,165.2,3736.3,28.2,687.5,2723.6,325.2
Minnesota,1999,274,2.8,42.7,82,146.5,3323.6,23.9,580.2,2465.4,278
Minnesota,2000,280.8,3.1,45.5,75.5,156.7,3207.6,27.5,530.9,2403.7,273
Minnesota,2001,263.7,2.4,44.9,75.4,141.1,3311.2,27.7,511.5,2498.1,301.6
Minnesota,2002,267.2,2.2,45.2,78.4,141.4,3264.3,26.1,557.9,2430.9,275.5
Minnesota,2003,262.9,2.5,41.3,77.1,142,3113.3,29.1,546.9,2294.9,271.5
Minnesota,2004,269.8,2.2,41.7,79.9,146.1,3041.6,27.1,550.3,2226.1,265.2
Minnesota,2005,297.3,2.2,44,92.1,158.9,3087.8,22.3,579.6,2229.6,278.6
Minnesota,2006,310.5,2.4,31.8,105.3,170.9,3082.5,29.5,586.5,2239,257
Minnesota,2007,289.6,2.2,36,91.8,159.6,3044.8,23.5,571.7,2229.7,243.3
Minnesota,2008,265.4,2.1,34.6,80.1,148.6,2864.1,22.1,508.7,2160.1,195.3
Minnesota,2009,244.5,1.4,34,68.7,140.4,2644.9,17.1,485.7,1996.9,162.3
Minnesota,2010,235.7,1.8,33.9,63.8,136.2,2569,15,459.7,1947.6,161.7
Minnesota,2011,230.5,1.4,39.5,63.3,126.2,2546.8,14.6,480.3,1914.1,152.4
Minnesota,2012,230.9,1.8,30.4,64.6,134,2568.1,17.5,471.7,1939.1,157.2
Minnesota,2013,234.4,2.1,37.1,67.8,127.4,2419.6,13.4,418.9,1853.8,146.9
Minnesota,2014,229.1,1.6,36.7,67.6,123.3,2297.5,11.7,380.7,1763.5,153.3
Minnesota,2015,242.9,2.4,42.3,68.8,129.4,2225,10.9,352,1727.4,145.6
Minnesota,2016,241.9,1.8,42.5,67.5,130,2130.7,9,336.3,1636.6,157.8
Minnesota,2017,238.3,2,42.8,64.9,128.6,2191.5,9.4,336.9,1675.7,178.9
Missouri,1995,663.8,8.8,32.1,204,418.8,4456.8,40.5,932.6,3050.9,473.3
Missouri,1996,590.9,8.1,29.2,170.6,383.1,4493,40.1,894.2,3151.1,447.7
Missouri,1997,577.4,7.9,28.2,156.1,385.2,4237.1,39.8,868.2,2878,490.9
Missouri,1998,555.7,7.3,26.9,149.2,372.2,4270.7,37.1,872.5,2948.4,449.8
Missouri,1999,500.2,6.6,26.3,130.7,336.6,4078.2,36.8,776.8,2881.1,420.3
Missouri,2000,490,6.2,24.1,135.8,323.9,4037.7,38.3,745,2851.3,441.4
Missouri,2001,540.5,6.6,24.5,137.8,371.6,4229.2,36.8,762.4,2969.9,496.9
Missouri,2002,539,5.8,25.8,123.9,383.4,4065.9,35.9,753.5,2820.7,491.7
Missouri,2003,490.8,5.1,24.5,116.9,344.3,4083.9,33.3,734.3,2825.8,523.7
Missouri,2004,490.1,6.1,25.7,115.1,343.1,3900.1,33,702.7,2747.9,449.6
Missouri,2005,525.7,6.9,28,124.1,366.6,3929.3,33.6,738.6,2747.4,443.3
Missouri,2006,545.9,6.3,30.2,130,379.4,3834,36.5,765.6,2633.6,434.7
Missouri,2007,560.7,6.2,30.4,131.5,392.7,3829.5,31.8,763.8,2659.2,406.5
Missouri,2008,502.4,7.7,27.3,125.1,342.3,3662.7,30.6,774.1,2537.4,351.1
Missouri,2009,492.9,6.5,26.8,124.2,335.4,3370,27.1,728,2350.9,291.1
Missouri,2010,457.7,7,24.1,103.2,323.4,3350,25.7,737.1,2343.8,269.1
Missouri,2011,447.5,6.1,24.4,104.4,312.5,3313.1,25.1,746.8,2311.2,255.1
Missouri,2012,451.3,6.5,25.3,96,323.5,3316.7,25.6,705.6,2340,271.1
Missouri,2013,433.7,6.1,38.1,90.8,298.7,3137.4,20,641.8,2225.2,270.4
Missouri,2014,443.3,6.7,39.6,92.2,304.8,2909.6,23.2,582,2057.6,270
Missouri,2015,498.5,8.3,42.3,105,342.9,2860.1,21.3,560,2020.2,279.9
Missouri,2016,520.8,8.8,42,108,362,2801.8,22.1,520.7,1980.7,300.4
Missouri,2017,530.3,9.8,44.6,103.9,372,2833.9,16.9,492,2016,325.9
Mississippi,1995,502.8,12.9,39.1,130.9,319.9,4011.7,15.7,1131.1,2520.1,360.5
Mississippi,1996,488.3,11.1,36.1,134.2,306.8,4034.6,15.9,1132.4,2551.5,350.8
Mississippi,1997,469,13.1,39,137,279.9,4161.3,13.5,1187.4,2632.3,341.6
Mississippi,1998,410.7,11.4,37.3,123.3,238.6,3973.3,11.1,1144.5,2490,338.7
Mississippi,1999,349.3,7.7,41.8,111.6,188.2,3921.1,13.3,1051.4,2380.9,488.8
Mississippi,2000,360.9,9,35.8,95,221.1,3643.5,17.1,946.3,2452.2,245
Mississippi,2001,349.9,9.9,40.1,115.2,184.7,3832.8,16.3,1042.8,2458.8,331.3
Mississippi,2002,343.9,9.2,39.3,117.1,178.3,3822.6,14.4,1032.3,2458.1,332.2
Mississippi,2003,323.9,9.3,37.4,104.6,172.6,3707.3,13.4,1025.6,2369.6,312.1
Mississippi,2004,295.4,7.8,40,86.3,161.2,3481.1,13.8,953.6,2256,271.6
Mississippi,2005,279.6,7.4,39.4,82.7,150.1,3274.2,14,923.7,2092.9,257.6
Mississippi,2006,311.8,7.9,35.7,112,156.2,3190.2,13,931.7,1972.3,286.2
Mississippi,2007,291.3,6.9,35.4,99.2,149.8,3113.9,10.9,932.7,1934.8,246.4
Mississippi,2008,304.3,8,32.6,104.8,158.9,2909.1,12.3,868,1828.4,212.8
Mississippi,2009,286.3,6.6,33.6,100.6,145.6,2958.2,13.9,1001.3,1772.7,184.2
Mississippi,2010,269.3,6.9,31.3,93.5,137.6,2983,13.6,1025.3,1777.2,180.4
Mississippi,2011,269,7.8,29,83.8,148.4,3016.3,15.1,1031.8,1819.6,164.8
Mississippi,2012,260.1,7.1,27.4,76.2,149.3,2810.5,11.4,940.4,1725.1,145
Mississippi,2013,277.5,7.3,34.2,80.6,155.4,2725.3,13.8,834.5,1744.3,146.6
Mississippi,2014,278.3,8.7,36.1,80.3,153.2,2902.6,16.7,798.3,1954.8,149.5
Mississippi,2015,274,8.5,38.7,77.3,149.4,2869.6,9,838.6,1888.2,142.9
Mississippi,2016,281.7,7.9,42.9,81.5,149.4,2764.1,11,786.8,1833.1,144.3
Mississippi,2017,285.7,8.2,36.6,69.4,171.5,2733.9,7.2,828.1,1750.6,155.2
Montana,1995,171.4,4,26.6,29.1,111.7,4626,3.3,581.6,3769.8,274.6
Montana,1996,161,3.9,27.1,29.7,100.3,4332.7,0,558.4,3518.5,255.7
Montana,1997,132.1,4.8,19.5,20.4,87.5,4276.7,11.6,569.1,3459.7,247.9
Montana,1998,204.2,2,26.7,26.4,149.1,4155,10.2,519.9,3402.3,232.8
Montana,1999,236.8,2.5,33.2,27.1,174,3296.7,9.1,439.1,2645.4,212.3
Montana,2000,311.1,2.2,34.1,22.5,252.3,3568.9,6.5,401.7,2957,210.2
Montana,2001,352,3.8,20.8,25.4,302.1,3332.8,1.1,405.4,2726.4,201.1
Montana,2002,351.2,1.8,26,31.1,292.3,3158.2,1.2,361.3,2601,195.9
Montana,2003,365,3.3,26.8,32.5,302.5,3096.2,1.6,405.4,2483.2,207.6
Montana,2004,293.8,3.2,29.5,25.1,235.9,2936.1,18,379.2,2382.3,174.6
Montana,2005,281.8,1.9,32.2,18.9,228.7,3146,16.8,389.6,2545.5,210.9
Montana,2006,377.3,3.5,36.8,24.7,312.3,2856.8,28.1,357.8,2292.9,206.1
Montana,2007,379.8,2.8,37.9,24.3,314.8,2906.2,29.2,362.9,2329.7,213.6
Montana,2008,311.4,4.1,37,21.1,249.2,2718.5,22.4,381.3,2153.5,183.7
Montana,2009,287,3.3,36.6,23.4,223.7,2546.3,18.3,378.1,2002.9,165.3
Montana,2010,275.8,2.5,33.5,15.5,224.2,2564.1,17.4,372.6,2035,156.5
Montana,2011,276.1,2.9,36.7,17.1,219.4,2394.1,15.8,335.5,1913.4,145.2
Montana,2012,278.8,2.9,39,20.1,216.8,2595.9,27.9,389.9,2037.2,168.9
Montana,2013,288.1,2.3,46,21.4,218.5,2581.1,14.4,406.2,1989.6,185.3
Montana,2014,328.5,3.7,54.5,19.7,250.5,2494.5,12.8,355.6,1937.5,201.3
Montana,2015,353.4,3.7,55.4,20.3,273.9,2642.8,17.3,376.6,2031.4,234.8
Montana,2016,374.1,3.6,57.6,25.8,287.2,2710.8,16.1,381.8,2063,266
Montana,2017,377.1,3.9,58.4,28.1,286.7,2591.6,14.3,344.1,2000.8,246.7
North Carolina,1995,646.4,9.4,32.2,179.2,425.5,4993.1,35.9,1417.6,3264.9,310.6
North Carolina,1996,588.1,8.5,31.3,163.9,384.5,4938.1,37.1,1345.6,3257,335.5
North Carolina,1997,607,8.3,31.6,172.6,394.5,4884.5,35.4,1346.8,3208.5,329.2
North Carolina,1998,579.4,8.1,30.6,160.8,379.9,4742.8,31.4,1324.6,3092,326.2
North Carolina,1999,542.1,7.2,28.2,158,348.7,4633.5,29,1286.9,3012.3,334.3
North Carolina,2000,497.6,7,27.1,156.5,307,4421.8,27.2,1216.1,2891.8,313.9
North Carolina,2001,493.1,6.2,25.4,162.1,299.4,4433,28.2,1241.6,2891,300.3
North Carolina,2002,471,6.6,26.4,146.9,291,4258.6,28.1,1198.4,2760.8,299.4
North Carolina,2003,454.1,6,25.4,145.2,277.5,4270.9,21.8,1195.6,2755.9,319.3
North Carolina,2004,447.8,6.2,27.4,138,276.2,4160.5,22.8,1184.9,2659.7,316
North Carolina,2005,468.7,6.7,26.5,145.7,289.7,4080.2,24.6,1202.6,2549.3,328.2
North Carolina,2006,475.2,6.1,28.2,152.1,288.9,4116.2,24.5,1211.9,2564.4,339.9
North Carolina,2007,466.1,6.4,26.3,149.4,283.9,4082.2,24.4,1199.6,2574.1,308.5
North Carolina,2008,467.6,6.5,24.9,155.3,280.9,4041.9,23.2,1209.6,2542.5,289.8
North Carolina,2009,404.5,5.2,24.6,126.1,248.7,3663.9,20.8,1149.5,2301.7,212.7
North Carolina,2010,362.7,5,20.9,100.6,236.2,3443.5,18.9,1075.6,2176.3,191.6
North Carolina,2011,346.3,5.2,20.3,97.9,222.9,3500.2,17.9,1093.5,2232.4,174.3
North Carolina,2012,353.5,4.9,20.4,96.3,231.9,3370.8,18.5,1018.9,2186.5,165.4
North Carolina,2013,341,4.7,25.6,94.2,216.5,3103.2,14.9,915.7,2041.3,146.3
North Carolina,2014,329.1,5,24.5,84.6,215.1,2872.1,15.2,797.4,1937.6,137
North Carolina,2015,346.1,5.2,25.8,87.9,227.3,2749.5,12.9,745,1870.7,133.8
North Carolina,2016,371.8,6.7,28,91.9,245.2,2734.8,13.1,709.7,1874.4,150.7
North Carolina,2017,363.7,5.8,26.4,91,240.5,2545.3,12.1,630.6,1760.9,153.8
North Dakota,1995,86.7,0.9,22.8,10,53,2779.6,14.7,350.7,2249.8,179.1
North Dakota,1996,84,2.2,24.1,11,46.7,2585.1,10.6,309.2,2085.9,190.1
North Dakota,1997,87.2,0.9,24.8,6.4,55.1,2624.2,11.4,358.8,2085.3,180
North Dakota,1998,89.3,1.1,33.2,10.2,44.8,2591.7,12.7,356.4,2058.6,176.6
North Dakota,1999,66.9,1.6,22.4,8.8,34.1,2327.4,12.9,368.8,1795.1,163.5
North Dakota,2000,81.4,0.6,26.3,8.7,45.8,2206.6,1.1,325.9,1727.2,153.5
North Dakota,2001,79.3,1.1,25.8,9.4,43,2330.4,17.4,340.1,1819.7,170.6
North Dakota,2002,78.2,0.8,25.7,9.1,42.6,2328.7,13.3,353.8,1814.3,160.6
North Dakota,2003,80.2,1.4,25.3,8.4,45.2,2109.9,11.2,309.3,1630.4,170.2
North Dakota,2004,87.7,1.3,27.8,6.8,51.9,1963.4,10.7,320.6,1495.5,147.3
North Dakota,2005,111.3,1.9,28.4,8.5,72.5,2024.6,11,321.9,1533.6,169.1
North Dakota,2006,197.4,2.2,37.9,11.8,145.5,2100.9,20.3,409,1521.1,170.8
North Dakota,2007,209.9,2.7,39.4,11.7,156.2,2000.3,19.7,361.7,1485,153.5
North Dakota,2008,224.6,1.7,51.6,11.4,159.9,2031.1,17.3,364.2,1524.9,142
North Dakota,2009,266.4,1.9,45.8,16.5,202.2,1980.8,12.8,375.1,1464.6,141.1
North Dakota,2010,229.5,1.5,36.3,13.3,178.3,1780.2,12.2,296.5,1354.4,129.4
North Dakota,2011,248.1,3.5,38.8,13.3,192.5,1947.3,11.5,359,1444.5,143.9
North Dakota,2012,245.7,3.6,39.8,18.1,184.2,2038.5,14.7,346.3,1523.8,168.4
North Dakota,2013,273.4,2.2,49,22.2,199.9,2121.4,20.7,411.5,1511.6,198.2
North Dakota,2014,270.4,3.1,51.6,23.6,192,2142.7,28,371.7,1561.9,209
North Dakota,2015,257.5,2.8,51.7,21,182.1,2340.8,10.3,435.5,1676.2,229.1
North Dakota,2016,252.1,2.1,47.1,24,178.9,2309.7,12.3,429.9,1621.2,258.6
North Dakota,2017,281.3,1.3,52.8,24.2,202.9,2197.8,14.6,389.5,1573.6,234.7
Nebraska,1995,382,2.9,19.4,65.2,294.5,4162.5,0,631.9,3179.2,351.4
Nebraska,1996,434.7,2.9,27.1,63.7,341.1,4001.8,0,614.5,3045.7,341.6
Nebraska,1997,438.4,3,24.5,66.2,344.7,3845.3,0,592.2,2918.7,334.4
Nebraska,1998,451.4,3.1,25.1,77.6,345.7,3953.8,0,634,2971.7,348
Nebraska,1999,430.2,3.6,24.8,75.9,325.9,3678,0,609.7,2741.8,326.5
Nebraska,2000,327.6,3.7,25.5,67,231.4,3767.9,0,592,2870.3,305.6
Nebraska,2001,303.1,2.5,25.1,65.6,210,4009.4,0,567.4,3064.6,377.3
Nebraska,2002,314.2,2.8,26.9,78.7,205.9,3946.5,0,597.9,2977.6,371
Nebraska,2003,293.8,3.2,29,67.1,194.5,3751.9,0,583.2,2815.8,352.9
Nebraska,2004,308.6,2.3,35.5,65.1,205.7,3519.6,0,562.2,2654.9,302.5
Nebraska,2005,287.3,2.5,33,59.2,192.6,3432.4,0,535.1,2579.9,317.4
Nebraska,2006,293.9,2.9,32.6,64.2,194.1,3359.7,0,539.2,2528.4,292.1
Nebraska,2007,311.3,4,31,62.8,213.5,3142.4,0,509.1,2337.7,295.6
Nebraska,2008,312.3,3.9,33.7,72.7,202,2879.3,0,489.6,2152.8,236.9
Nebraska,2009,289.4,2.3,34.3,67.9,184.8,2768,0,485.7,2087,195.3
Nebraska,2010,278.3,3,36.8,55.7,182.8,2667.9,0,454.5,2016,197.4
Nebraska,2011,253.6,3.7,37.9,53.9,158.1,2762.6,0,473.6,2066,223
Nebraska,2012,258.8,2.8,38.3,60.8,157,2759.7,0,471.3,2064.4,224.1
Nebraska,2013,264.8,3,45.3,55.4,161.1,2632.3,0,478.6,1915,238.7
Nebraska,2014,276.2,2.8,46.6,55.4,171.3,2524,0,421.5,1862.1,240.4
Nebraska,2015,272.8,3.3,46.7,52.5,170.3,2249.3,0,340.2,1697.6,211.5
Nebraska,2016,296.8,2.6,58.1,49.6,186.5,2264.5,0,338.6,1678,247.9
Nebraska,2017,305.9,2.2,62,50.4,191.2,2274,0,337.1,1666,271
New Hampshire,1995,114.5,1.8,29,27.4,56.3,2540.9,24.3,418.6,1977.2,145.1
New Hampshire,1996,118.2,1.7,34.8,27.3,54.4,2705.3,21.1,435.7,2118,151.6
New Hampshire,1997,113.2,1.4,33.7,23.4,54.8,2526.4,6.3,393.2,1997.4,135.8
New Hampshire,1998,107.2,1.5,33.8,21.5,50.4,2312.7,14.9,325.1,1863.2,124.4
New Hampshire,1999,96.5,1.5,28.7,21.4,44.9,2185.2,14.9,307.9,1764.6,112.7
New Hampshire,2000,175.4,1.8,42.2,36.7,94.7,2257.8,17.6,404,1680,173.8
New Hampshire,2001,170.2,1.3,36.4,35.3,97.2,2151,21.2,388.2,1592.9,169.9
New Hampshire,2002,161.3,0.9,35,32.4,93,2059.8,22,379.6,1527.6,152.5
New Hampshire,2003,150.3,1.3,34,37.2,77.8,2052.9,18.5,356.1,1546.8,150
New Hampshire,2004,169.5,1.3,35.9,38.5,93.8,2051.9,20.2,383.2,1518.1,150.6
New Hampshire,2005,134.8,1.5,31.1,27.9,74.3,1838.9,24.9,320.8,1415.1,103
New Hampshire,2006,135.8,1,22.4,33.1,79.2,1981.9,24.9,334.2,1534.6,113
New Hampshire,2007,144.1,0.9,27.1,34.3,81.8,2005.9,22.6,385.6,1513,107.2
New Hampshire,2008,156.1,1.1,29.3,32,93.8,2157.4,22.9,324.2,1726.2,106.9
New Hampshire,2009,160.4,0.8,30.1,34.3,95.2,2173.5,18.6,371.1,1717.4,85.1
New Hampshire,2010,167.4,1,31.2,34.2,101,2219.8,23.8,413.4,1730.6,75.7
New Hampshire,2011,217.3,1.2,44.1,38.6,133.4,2485.6,20.1,473.8,1927.3,84.5
New Hampshire,2012,215,1.1,36.8,35.6,141.4,2426.9,24.6,453.1,1893.4,80.4
New Hampshire,2013,223.2,1.6,58.8,48.8,129.1,2299.2,16.9,399.4,1828.8,70.9
New Hampshire,2014,197.7,1.2,44.9,41,110.6,1965.2,13.8,315.6,1585.2,64.5
New Hampshire,2015,202.4,1.1,48.4,35.7,117.1,1763.2,10.5,261.8,1434.2,67.3
New Hampshire,2016,199.8,1.4,45.6,32.3,120.5,1522.3,13,223.9,1232.5,65.9
New Hampshire,2017,198.7,1,49.4,31.2,117.1,1381.8,9.5,191.7,1122,68.1
New Jersey,1995,599.8,5.1,24.3,283,287.4,4103.9,31.7,875.2,2597.1,631.6
New Jersey,1996,531.5,4.2,24.7,235.8,266.7,3801.4,29.9,791.9,2428.2,581.3
New Jersey,1997,492.6,4.2,21.5,210.6,256.4,3564.4,30.8,756.2,2297,511.2
New Jersey,1998,440.2,4,20,186.2,230,3213.9,26.2,671.1,2109.3,433.6
New Jersey,1999,411.9,3.5,17.3,174.9,216.1,2988.1,23.1,577.1,1976.8,434.2
New Jersey,2000,383.8,3.4,16.1,161.1,203.2,2776.6,22.3,522,1848.8,405.9
New Jersey,2001,388.8,3.9,15,165.8,204.1,2826.3,24.4,550,1833.3,443
New Jersey,2002,376.1,4,15.9,162.7,193.5,2655.5,21.5,511.9,1726.6,417
New Jersey,2003,364.3,4.7,14.9,154.4,190.4,2549.6,18.3,502.8,1646.4,400.4
New Jersey,2004,356.3,4.5,15.3,150.6,185.9,2433,15.9,472.4,1611.7,348.9
New Jersey,2005,355.3,4.8,13.9,151.8,184.7,2337,16.1,447.9,1571,318.1
New Jersey,2006,350.2,4.9,13.8,153.1,178.4,2278.9,17.8,451.4,1543.8,283.7
New Jersey,2007,328.6,4.4,11.9,144.7,167.7,2214.4,15.2,428.7,1532.9,252.8
New Jersey,2008,326.5,4.3,12.9,146.3,163,2293.4,14.1,465.3,1595.7,232.4
New Jersey,2009,311.4,3.7,12,133.7,162.1,2075.8,12.6,424.3,1473.4,178
New Jersey,2010,307.5,4.2,11.1,134.3,157.8,2080.1,11.3,440.2,1463.2,176.8
New Jersey,2011,307.9,4.3,11.4,138.2,154,2147.4,10.3,489.4,1460.9,197.1
New Jersey,2012,290.1,4.4,11.7,128.4,145.7,2046.5,9.3,477.4,1383.2,185.9
New Jersey,2013,288.9,4.5,13.3,135.6,135.5,1881.1,7.2,402.7,1324.2,154.3
New Jersey,2014,260.9,3.9,14.3,117.5,125.2,1733.4,7.4,354.7,1247.7,130.9
New Jersey,2015,256,4.1,15.4,108.9,127.7,1630.6,6.8,312.9,1185.9,131.8
New Jersey,2016,243.5,4.2,16.2,99.6,123.5,1537.2,6.4,281,1130,126.1
New Jersey,2017,228.8,3.6,16.7,87.7,120.8,1555.5,6.4,265.3,1155.1,135.1
New Mexico,1995,819.2,8.8,56.6,154.5,599.3,5608.8,26.9,1447.1,3648.5,513.2
New Mexico,1996,840.6,11.5,63.5,162.4,603.2,5761.7,29.5,1376.9,3802.6,582.2
New Mexico,1997,853.3,7.7,50.4,171.4,623.7,6053.2,18.3,1452.4,3883.7,717.2
New Mexico,1998,961.4,10.9,55.1,163.4,732,5757.7,24.6,1394,3743.9,619.9
New Mexico,1999,834.6,9.8,54.3,148.2,622.3,5128,24.7,1234.7,3426.3,467.1
New Mexico,2000,757.9,7.4,50.7,137.4,562.4,4761,26.4,1173.1,3184.4,403.6
New Mexico,2001,780.4,5.4,46.4,147.2,581.3,4538.4,25.3,1067.9,3080.7,389.8
New Mexico,2002,740.7,8.2,55.5,119.1,558,4345.3,21.5,1060.1,2883.6,401.6
New Mexico,2003,667.3,6.2,50,103.1,507.9,4089.1,18.3,1011.3,2693.3,384.5
New Mexico,2004,687.4,8.9,54.6,108.4,515.6,4198.4,15.9,1047,2736.1,415.2
New Mexico,2005,646.3,7.5,54.1,98.3,486.5,4131.7,17.7,1087.2,2632.8,411.7
New Mexico,2006,654.7,6.9,54.9,107.2,485.8,3888.3,32.4,1069.6,2346.5,472.2
New Mexico,2007,675.7,9.3,52.2,117.9,496.3,3815.8,27,1057.1,2306.8,451.9
New Mexico,2008,653.5,8.1,56.3,108.4,480.6,3815.7,28.8,1043.5,2368.3,404
New Mexico,2009,632.4,9.9,53.2,96.1,473.2,3714,22.3,1092.5,2298,323.5
New Mexico,2010,588,6.8,46.4,78.2,456.6,3425.9,20.3,1017.6,2154.2,254.1
New Mexico,2011,572.7,7.6,41.2,82.7,441.1,3538.3,20.9,1030.4,2248.1,259.8
New Mexico,2012,559.6,5.6,45.9,88.6,419.5,3604.2,21.4,1026.3,2315.6,262.2
New Mexico,2013,622.5,5.9,75,87.8,453.8,3783.5,18.2,1046,2450.8,286.7
New Mexico,2014,597.7,4.8,71,100,421.8,3542.3,19.9,887.3,2353.4,301.6
New Mexico,2015,657.2,5.6,79.9,119.5,452.2,3711.5,15.8,821.2,2474.9,415.5
New Mexico,2016,699.4,6.7,73.2,131.2,488.2,3928.7,20.2,828.6,2537,563.1
New Mexico,2017,783.5,7.1,60.3,178.3,537.8,3941.7,16,858.1,2519.9,563.8
Nevada,1995,945.2,10.7,61.2,324.6,548.7,5634.2,48.3,1322.5,3566.2,745.4
Nevada,1996,811.3,13.7,53.4,307.6,436.6,5180.7,44.6,1220.1,3262.3,698.3
Nevada,1997,798.7,11.2,59.9,302.4,425.3,5265.8,40.1,1310.4,3167.1,788.3
Nevada,1998,643.6,9.7,52.1,254.9,326.8,4636.9,38.2,1137.6,2711.3,788
Nevada,1999,569.9,9.1,52.1,232.6,276,4083.1,34.5,973.5,2385.9,723.7
Nevada,2000,524.2,6.5,43,227.3,247.3,3744.4,29.1,877.1,2208.2,659.2
Nevada,2001,589.2,8.6,42.1,235.1,303.4,3693.8,25.6,844.3,2148.7,700.9
Nevada,2002,639.3,8.4,42.8,236.1,352,3870.7,29.3,874.3,2189.6,806.8
Nevada,2003,616,8.8,38.8,233,335.4,4287.2,25.7,979.3,2378.1,929.8
Nevada,2004,616.4,7.4,40.9,210.3,357.8,4210,29.5,992,2247.8,970.3
Nevada,2005,607.5,8.5,42.1,194.9,361.9,4245.9,31.8,973.4,2156.1,1116.4
Nevada,2006,748.8,9.1,43.8,282,414,4100.9,33,997.9,2020.8,1082.2
Nevada,2007,754.9,7.5,42.7,270.4,434.2,3785.7,25.7,971,1942.9,871.7
Nevada,2008,729.7,6.3,42.5,249.4,431.4,3461.5,26,932.8,1915.8,613
Nevada,2009,705.2,5.9,38.7,228.1,432.5,3063.7,20.5,836.7,1757.9,469.1
Nevada,2010,663,5.8,35.7,195.9,425.5,2773.5,16.9,824.1,1572.8,376.6
Nevada,2011,568.1,5.1,33.6,158.4,371,2576.3,16.9,747.9,1476.3,352.1
Nevada,2012,608.6,4.5,33.8,178.6,391.7,2814.1,17.1,803.1,1647.3,363.7
Nevada,2013,605,5.8,53.1,185.7,360.4,2836.4,15,825.6,1652.6,358.2
Nevada,2014,635.7,6,47.8,209.8,372.1,2627.4,15,772.4,1496.2,358.8
Nevada,2015,697.6,6.2,58.5,218,414.9,2674.9,15.9,775.4,1505.9,393.6
Nevada,2016,677.9,7.8,58.8,215.6,395.6,2583,12.4,640.2,1495.2,447.6
Nevada,2017,555.9,9.1,63,161.5,322.3,2612.4,12.3,668.7,1516.4,427.3
New York,1995,841.9,8.5,23.7,399.7,410,3718.3,30.1,808.1,2344.4,565.7
New York,1996,727,7.4,23,340,356.7,3405.3,19.1,713.9,2197,494.4
New York,1997,688.6,6,22.5,309.3,350.8,3222.4,17.7,652.3,2130.6,439.4
New York,1998,637.8,5.1,21.1,270.3,341.3,2950.7,12.5,576.7,1998.9,375.1
New York,1999,588.8,5,19.6,240.8,323.5,2690.6,10.8,512.3,1858.1,320.2
New York,2000,553.9,5,18.6,213.6,316.7,2545.7,9.4,463.4,1796.4,285.8
New York,2001,513.6,5,18.6,191.5,298.5,2399.9,10.2,421.3,1725.6,253
New York,2002,496.6,4.8,20.3,191.6,280,2310.5,12.4,400.9,1662.1,247.5
New York,2003,465.8,4.9,19.6,186.3,255,2249,10,392.7,1620.9,235.3
New York,2004,440.4,4.6,18.7,173.8,243.3,2192.5,11.2,366.7,1613.2,212.7
New York,2005,444.4,4.5,18.8,182.1,238.9,2101.9,10.1,352.2,1564.6,185
New York,2006,435.2,4.8,16.4,178.5,235.5,2064.5,8.2,355.4,1542.7,166.4
New York,2007,414.4,4.2,15.2,161.1,233.9,1987.9,7.6,336.4,1506.3,145.2
New York,2008,397.9,4.3,14.4,163.1,216.1,1993.8,7.3,336.3,1528.8,128.7
New York,2009,384.4,4,13.2,144,223.1,1932,6.4,321.2,1498.8,111.9
New York,2010,394.4,4.5,14.4,147.6,227.9,1957.8,6.2,339.5,1511.9,106.4
New York,2011,397.2,3.9,14.1,145.7,233.5,1906.7,7.2,334.5,1473.5,98.7
New York,2012,406.3,3.5,14.5,146.3,242,1917,8.1,328.9,1499.6,88.5
New York,2013,393.8,3.3,18,138.3,234.2,1820.7,5.9,286.6,1455.5,78.6
New York,2014,384.7,3.1,30.5,121.7,229.4,1717.1,5.5,256.9,1380.5,79.8
New York,2015,380.4,3.1,31.1,120.9,225.3,1606.4,5.1,223.4,1305.7,77.3
New York,2016,374.6,3.2,31.7,112.5,227.3,1538.7,5.3,200.9,1265.3,72.5
New York,2017,356.7,2.8,31.9,101.3,220.8,1514.2,5.5,176.3,1270.3,67.6
Ohio,1995,482.5,5.4,43.4,178.7,255,3922.7,40.7,838.8,2669,414.9
Ohio,1996,428.7,4.8,41.3,164.1,218.4,4027,43,835.4,2784.1,407.5
Ohio,1997,435.4,4.7,40.8,158.7,231.2,4074.7,32.2,849,2824.1,406
Ohio,1998,362.5,4,40.5,133.5,184.5,3965,31.4,810.1,2771.1,383.8
Ohio,1999,316.4,3.5,36.7,128,148.2,3680.2,29.6,773.1,2558.9,348.2
Ohio,2000,334.1,3.7,37.6,137.5,155.3,3707.7,29.4,780.7,2583.2,343.7
Ohio,2001,351.4,4,39.2,151,157.2,3820.2,37.1,850.9,2598.6,370.8
Ohio,2002,351.7,4.6,42.2,156.6,148.3,3760.1,34.5,869.2,2516,374.9
Ohio,2003,333.9,4.6,40.7,147.7,140.8,3650.1,28.3,831.3,2460.1,358.6
Ohio,2004,338.7,4.4,41.4,152.2,140.7,3662.3,30.4,842.9,2464.3,355
Ohio,2005,350.1,5.1,40.7,162.8,141.5,3667.7,29,873.4,2432.7,361.5
Ohio,2006,361.5,4.9,41.6,169.2,145.9,3688.2,34.8,920.4,2437,330.9
Ohio,2007,355.4,4.6,40.6,160,150.2,3468.1,34.1,863.8,2308.2,296.1
Ohio,2008,352,4.8,39.4,162.9,145,3410,31.8,891.8,2270.5,247.7
Ohio,2009,331.9,4.6,35.7,153.1,138.5,3261.3,30.1,901.1,2163.9,196.3
Ohio,2010,314.7,4.2,32.3,142.9,135.3,3266.1,28.2,928.5,2154.5,183.1
Ohio,2011,305.2,4.3,31.9,138.6,130.4,3297.6,26.7,978.3,2138,181.3
Ohio,2012,301.5,4.1,33,133.3,131,3206.4,30.8,911.6,2123.9,171
Ohio,2013,291.4,4.1,37.9,125.2,124.2,2924.4,23,787.2,1968.5,168.7
Ohio,2014,285.7,4,45.1,110.2,126.4,2781,18.6,685.2,1939.7,156.2
Ohio,2015,296.2,4.5,46.9,108.7,136.1,2617.3,21.1,603.1,1864.3,149.9
Ohio,2016,307.7,5.9,49.5,108.2,144.1,2589.3,21.8,577.2,1842.1,170
Ohio,2017,297.5,6.1,50.3,99.5,141.6,2419.1,12.5,502.4,1743,173.7
Oklahoma,1995,664.1,12.2,44.6,115.6,491.8,4932.7,46.5,1271.9,3164.3,496.4
Oklahoma,1996,597.1,6.8,46.8,106.6,436.9,5055.8,51.7,1255.6,3317.4,482.9
Oklahoma,1997,559.5,6.9,45.7,103.9,403,4935.1,40.1,1206.4,3287.3,441.5
Oklahoma,1998,539.4,6.1,45.2,92,396.1,4464.5,38.9,1143.4,2915.8,405.3
Oklahoma,1999,508.2,6.9,40.9,82.9,377.5,4175.6,39.4,1026.5,2787.8,361.3
Oklahoma,2000,497.8,5.3,41.2,75.8,375.5,4060.8,37.2,917.5,2785.4,357.8
Oklahoma,2001,510.9,5.3,42.8,79.1,383.6,4083.5,32.5,996.5,2724.7,362.3
Oklahoma,2002,504,4.7,45.1,85,369.2,4244.7,33.6,1007.9,2870.9,366
Oklahoma,2003,506.4,5.9,42.8,91.9,365.8,4312.3,34.7,993.8,2948.9,369.5
Oklahoma,2004,500.5,5.3,44.2,87.7,363.3,4242.1,33.1,1000.2,2874.1,367.7
Oklahoma,2005,509.2,5.3,41.8,91.2,371,4047.1,34.2,1007.3,2647.5,392.3
Oklahoma,2006,500.2,5.9,41.6,87.9,364.9,3624.5,34,962.1,2286.9,375.4
Oklahoma,2007,504.1,6.2,43.3,93.8,360.8,3558.3,30,950.1,2232.2,376
Oklahoma,2008,531.5,5.9,40.4,101.5,383.7,3474,34.6,967.7,2203.7,302.6
Oklahoma,2009,503.4,6.3,41.6,91.1,364.3,3589.6,24.7,1032.6,2273.2,283.9
Oklahoma,2010,481.4,5.2,39.1,89,348.1,3443,27.5,1006.5,2162.2,274.3
Oklahoma,2011,457.5,5.6,37.3,86.9,327.7,3372.4,26.7,963.5,2115.8,293.1
Oklahoma,2012,474.4,5.8,42.5,85.1,341,3432.3,25.2,945.9,2178.6,307.8
Oklahoma,2013,446.1,5.1,60.1,78.5,302.4,3280.9,21.6,869.7,2118.4,292.8
Oklahoma,2014,413.8,4.6,48,79.2,281.9,3027.2,20.7,772.3,1977.5,277.4
Oklahoma,2015,428.6,6.1,50,77.2,295.2,2918.9,19.2,736.6,1911.2,271.1
Oklahoma,2016,455.3,6.3,53.6,80.9,314.5,3009.5,19.9,749.2,1947.3,313.1
Oklahoma,2017,456.2,6.2,54.5,76.3,319.3,2876.4,18.4,727.8,1836.9,311.7
Oregon,1995,522.4,4.1,41.7,137.9,338.7,6041.5,55,1102.8,4236.7,702
Oregon,1996,463.1,4,39.7,122.2,297.2,5533.6,48.1,988.3,4014.3,531
Oregon,1997,444.4,2.9,40.3,117.5,283.7,5825.3,47.5,1033.2,4197.6,594.5
Oregon,1998,419.8,3.8,39.8,105.2,271,5226.8,47.6,927.5,3773.3,526
Oregon,1999,374.9,2.7,36.8,86.2,249.3,4626.9,46.4,806.6,3409.1,411.1
Oregon,2000,350.7,2,37.6,84.4,226.7,4494.7,48.8,748.8,3338.7,407.2
Oregon,2001,306.6,2.4,33.8,79.1,191.3,4736.6,45.5,767.2,3542.1,427.3
Oregon,2002,292.5,2,35.2,77.9,177.4,4577.5,37.7,729.9,3378.2,469.4
Oregon,2003,294.8,1.9,34.2,79.9,178.8,4765.6,37,801.3,3432,532.3
Oregon,2004,298.6,2.5,35.7,76.6,183.8,4635.4,38.6,837.3,3282,516.1
Oregon,2005,287,2.2,34.8,68.1,181.9,4402.4,37.9,759.1,3114,529.3
Oregon,2006,284.6,2.4,32.9,73.3,176.1,3725.1,35.2,657.3,2672.3,395.5
Oregon,2007,293.9,2,34,76.4,181.4,3543,37.5,613.2,2539.2,390.6
Oregon,2008,261.4,2.3,31.2,70.1,157.9,3302.6,30.7,557.1,2445.3,300.2
Oregon,2009,260.6,2.3,31.4,65.3,161.5,3000.3,30.7,516,2223.5,260.8
Oregon,2010,251.4,2.5,32.3,63.1,153.5,3039.3,26.6,522,2279.5,237.8
Oregon,2011,249.3,2.2,32,57.8,157.3,3150.5,26.5,535.2,2379.9,235.4
Oregon,2012,247.1,2.3,29.7,62,153.1,3241.6,25.6,565.4,2413.3,262.9
Oregon,2013,242.8,2.1,37.3,60.9,142.5,3184.3,20.6,529.7,2402.3,252.3
Oregon,2014,259.2,2.1,40.8,57.2,159.1,3100.9,20.6,470.6,2371.5,258.7
Oregon,2015,265.4,2.7,41,53.7,167.9,2975.5,14.2,460.7,2249,265.8
Oregon,2016,268.8,2.8,43.7,56.5,165.8,2978.9,22.3,414.1,2239.5,325.3
Oregon,2017,281.8,2.5,48.3,58.7,172.3,2986.5,23.4,427.4,2145.3,413.7
Pennsylvania,1995,427.3,6.3,25.2,189.3,206.5,2937.6,41.8,561.8,1963.1,412.7
Pennsylvania,1996,480.3,5.7,25.2,189,260.5,3076.1,42.4,591.9,2079.9,404.2
Pennsylvania,1997,442.1,5.9,27.4,156.3,252.6,2989.4,47.6,567.5,2054,367.8
Pennsylvania,1998,420.5,5.3,26.9,164.9,223.5,2852.4,45.4,531.4,1965.4,355.5
Pennsylvania,1999,420.5,4.9,27.3,155.7,232.5,2693.2,44.1,467.2,1898.9,327.1
Pennsylvania,2000,420,4.9,26.4,147.8,240.9,2575.3,41.3,440.4,1839.2,295.8
Pennsylvania,2001,409.9,5.3,28.2,142.2,234.2,2547.4,19.3,441.7,1815.4,290.3
Pennsylvania,2002,402.1,5.1,30.3,139.2,227.6,2440.4,21.4,451.1,1723.1,266.2
Pennsylvania,2003,397.8,5.2,28.7,145.3,218.5,2430.2,18.4,435.9,1724.1,270.3
Pennsylvania,2004,411.5,5.2,28.5,149.1,228.6,2417.3,17.2,439.3,1728.2,249.9
Pennsylvania,2005,425.3,6.1,28.9,154.9,235.4,2421.9,19.6,452.5,1732.4,236.9
Pennsylvania,2006,442.3,6,29,169.6,237.8,2448.3,19.7,464.1,1745.4,238.8
Pennsylvania,2007,416.7,5.8,27.7,156.4,226.8,2363.5,19.4,451.2,1699.1,213.2
Pennsylvania,2008,410,5.7,28,151.6,224.8,2412.3,17.6,471.4,1760.2,180.7
Pennsylvania,2009,382.3,5.3,28.8,138.9,209.4,2199,17.2,434.5,1623.1,141.4
Pennsylvania,2010,366.5,5.1,27.3,128.8,205.3,2173.1,16.2,434.1,1607.5,131.5
Pennsylvania,2011,362.4,5,26.2,126.8,204.4,2224.1,14,454.9,1636.9,132.4
Pennsylvania,2012,355.5,5.5,26.4,123.3,200.3,2166.7,13.7,446.9,1601.4,118.4
Pennsylvania,2013,335.1,4.8,29.7,115.3,185.3,2059.1,13.2,406.8,1544.5,107.7
Pennsylvania,2014,315,4.8,30,105.9,174.3,1930.5,15.1,357.3,1471.1,102
Pennsylvania,2015,315.4,5.2,33.6,101.4,175.3,1813.2,14.2,309.4,1409,94.8
Pennsylvania,2016,315.9,5.3,34.9,96.3,179.4,1739.2,14.3,275.1,1361.9,102.2
Pennsylvania,2017,313.3,5.8,32.8,92.1,182.6,1649.4,11.5,250.3,1297.7,101.4
Rhode Island,1995,368,3.3,27,92.3,245.4,3876.6,79.4,932.7,2503,440.8
Rhode Island,1996,347.2,2.5,29,83.2,232.4,3646.4,67,821.7,2360.3,464.3
Rhode Island,1997,333.5,2.5,36.8,71.6,222.6,3320.9,64.1,717.6,2178.2,425
Rhode Island,1998,312.1,2.4,35.5,66.7,207.5,3205.7,58.4,653,2165.1,387.6
Rhode Island,1999,286.6,3.6,39.5,79.5,164,3296,64.5,640,2249,406.9
Rhode Island,2000,297.7,4.3,39.3,88,166.2,3178.7,65.9,631.5,2102.2,445
Rhode Island,2001,309.3,3.7,39.3,93,173.4,3373,66.6,644,2253.1,475.9
Rhode Island,2002,285.6,3.8,37,85.7,159,3308.2,56.8,600.5,2251.3,456.4
Rhode Island,2003,285.7,2.3,46.9,77.1,159.3,2995.2,42.7,513.3,2074.2,407.7
Rhode Island,2004,247.5,2.4,29.6,67.7,147.8,2886,27.9,506.1,2002.3,377.6
Rhode Island,2005,252.4,3.2,30.1,72.3,146.9,2728,20.3,495.4,1822.6,409.9
Rhode Island,2006,230.4,2.5,27.1,69.3,131.5,2614.6,19.3,510.8,1765.8,338
Rhode Island,2007,229.1,1.8,24.4,71.8,131.1,2606.8,21.5,492.1,1812.7,302
Rhode Island,2008,252.8,3,26.8,83.7,139.2,2845,19.4,548.7,1991.5,304.8
Rhode Island,2009,254.3,3,28.1,74.5,148.6,2616.6,22.1,546.2,1842.3,228.1
Rhode Island,2010,257.4,2.8,28.3,74.3,152,2561.4,22.8,581.8,1751.2,228.3
Rhode Island,2011,246.1,1.9,30.4,70.8,143.1,2662.7,17.8,650.6,1786,226.1
Rhode Island,2012,253,2.5,27.8,68.1,153.7,2574.4,17.3,564.5,1759.3,250.6
Rhode Island,2013,257.3,2.9,42.6,64.8,146.9,2443.7,16.5,533.6,1697.5,212.6
Rhode Island,2014,219.9,2.5,34.7,50.2,132.5,2178.6,15.1,457.9,1546.8,173.9
Rhode Island,2015,243,2.9,44.2,51.8,144,1898.2,16.3,373.1,1393.9,131.3
Rhode Island,2016,239.1,2.7,42.1,51.2,143.2,1788.1,13.2,345.1,1338.6,104.3
Rhode Island,2017,232.2,1.9,42,44.7,143.5,1751.6,12.3,303.6,1308.1,140
South Carolina,1995,981.9,7.9,47.3,175.9,750.8,5081.8,25.3,1254.6,3441.8,385.4
South Carolina,1996,996.9,9,49.2,172,766.7,5217.2,24.8,1283.8,3505,428.5
South Carolina,1997,990.3,8.4,48.9,176.2,756.9,5143.7,27.6,1232,3492.7,419
South Carolina,1998,903.2,8,45.7,154.9,694.6,4873.8,24.8,1162.7,3295.4,415.7
South Carolina,1999,847.2,6.6,40.8,148.2,651.5,4477.6,27.5,1019.9,3086,371.7
South Carolina,2000,828.1,7.3,41.4,155,624.5,4518.7,0,1005,3125.2,388.5
South Carolina,2001,815.2,8.1,43.5,147.4,616.1,4580.2,23.3,1049,3120.1,411.1
South Carolina,2002,822.7,7.3,47.7,140.7,627,4479,18,1066,3002,411
South Carolina,2003,806.4,7.3,47.1,139.8,612.2,4521.7,21,1060.4,3080.7,380.6
South Carolina,2004,789.9,6.8,42.2,130.3,610.6,4536.9,25.8,1041.9,3120.4,374.6
South Carolina,2005,767.4,7.4,43.8,133.2,582.9,4370.4,26.9,1006.4,2978.4,385.6
South Carolina,2006,771.1,8.4,42.4,136.6,583.7,4274.5,29.7,994,2894.4,386.1
South Carolina,2007,785.7,8.3,40.2,144.2,593,4294.8,30.4,1030,2876.8,388
South Carolina,2008,731,6.9,37.6,147.2,539.3,4240.1,23.8,1026,2819.7,394.4
South Carolina,2009,675.2,6.7,36.5,126.1,506,3909.2,18.2,996.3,2614.4,298.5
South Carolina,2010,602.2,5.7,33.4,108.2,454.8,3905.4,18,997.6,2621.1,286.7
South Carolina,2011,596.9,6.8,35.9,95.5,455,3921,20.3,1013.2,2616,291.8
South Carolina,2012,560.5,7,36.2,99.1,421.7,3833,17.2,957.4,2590.1,285.5
South Carolina,2013,508.5,6.4,46.8,83.1,372.2,3630.8,15.8,857.7,2509,264.1
South Carolina,2014,497.8,6.7,45.2,83.2,362.7,3484.7,14.1,769.6,2447.1,268.1
South Carolina,2015,499.5,8.3,49.8,80.7,360.6,3326.6,14.2,713.9,2344.9,267.8
South Carolina,2016,506.8,7.2,50.2,82.1,367.3,3256.9,13.7,668.4,2307.6,280.9
South Carolina,2017,506.2,7.8,49.8,77,371.5,3195.9,13.5,623.1,2289.1,283.8
South Dakota,1995,207.5,1.8,41,25.9,138.8,2853.1,10.4,540.7,2191.5,120.9
South Dakota,1996,177.2,1.2,41,18.9,116.1,2792.8,14.1,557,2121.9,113.9
South Dakota,1997,197.4,1.4,48.4,23.3,124.4,3047.6,10.4,553.9,2377.4,116.3
South Dakota,1998,154.3,1.4,35,20.2,97.8,2469.8,11.4,468.6,1897.8,103.4
South Dakota,1999,167.4,2.5,45.8,14,105,2476.9,11.9,444,1915.5,117.4
South Dakota,2000,166.8,0.9,40.4,17.4,108.1,2153,13.6,383.7,1663.7,105.7
South Dakota,2001,154.4,0.9,46.3,13.6,93.6,2172.3,11.2,407.1,1657.7,107.5
South Dakota,2002,177.5,1.4,47.5,15.4,113.2,2103,13.7,399,1596.3,107.7
South Dakota,2003,173.7,1.3,46.5,13.6,112.3,2003.4,11,376.3,1512.9,114.3
South Dakota,2004,171.2,2.2,43.6,14.5,110.8,1931.6,10.5,408.5,1413.1,109.9
South Dakota,2005,179,2.3,48.7,18.7,109.3,1767.2,8.9,323.3,1335.7,108.3
South Dakota,2006,264.9,3.8,59.5,20.2,181.3,1766.4,28.6,386.7,1273,106.7
South Dakota,2007,241.9,3.9,54.4,14.8,168.8,1736.8,16.2,332.4,1305.9,98.5
South Dakota,2008,276.9,4.6,69.9,16.7,185.8,1724.3,16.2,333.6,1276.6,114.2
South Dakota,2009,218.7,3.7,61.7,14.4,139,1769.9,10.3,322.6,1340.6,106.6
South Dakota,2010,268.9,2.8,47.1,18.9,200.1,1859.9,10.3,390.9,1371.1,98
South Dakota,2011,255.6,2.4,61.1,18.8,171.8,1857.6,17.2,355.4,1387,115.2
South Dakota,2012,323.8,2.8,71.9,20.3,230.3,2077.3,27.9,393.3,1555.4,128.6
South Dakota,2013,323.2,2.1,60,18.5,242.7,1924.8,17.5,400.1,1413.9,110.7
South Dakota,2014,328.3,2.7,56,23.3,246.2,1879.3,10.5,330.1,1430.8,118.4
South Dakota,2015,384.9,3.8,58.3,25.1,297.7,1951.1,10.4,346.1,1465.9,139.2
South Dakota,2016,422,3.2,61.1,31.8,325.9,1997.2,14.6,348.4,1474.7,174.1
South Dakota,2017,433.6,2.9,68.4,27.4,335,1876.2,15.8,311.3,1405.9,159
Tennessee,1995,771.5,10.6,47.1,223.2,490.5,4591.2,26.7,1143.2,2799.5,648.5
Tennessee,1996,774,9.5,46.5,223.7,494.3,4675.4,24.5,1163.5,2864.8,647.1
Tennessee,1997,789.7,9.5,56.9,214,509.2,4722.1,26,1171.7,2921.8,628.6
Tennessee,1998,715,8.5,45.8,178,482.8,4319.4,26,1075.9,2726.1,517.4
Tennessee,1999,695,7.1,44,156.8,487,3999.3,26.4,936.7,2602.1,460.6
Tennessee,2000,707.2,7.2,38.4,166.4,495.2,4183,10.7,990.4,2708.8,483.9
Tennessee,2001,744,7.4,38.2,177.7,520.7,4400.3,30.1,1038.5,2870.1,491.7
Tennessee,2002,717.8,7.3,39.6,162.6,508.5,4307.6,26.8,1057.9,2791.3,458.4
Tennessee,2003,691.3,6.8,36.4,161,487.1,4389.3,26.8,1083.3,2853.1,452.9
Tennessee,2004,697.6,6.1,38.7,150.4,502.5,4326.8,25.5,1024.7,2881.7,420.4
Tennessee,2005,757.3,7.2,36.8,168.1,545.2,4299.9,24.6,1032.8,2843.6,423.6
Tennessee,2006,762.5,6.9,36.3,184.5,534.7,4137.6,23.4,1043.7,2718.8,375.1
Tennessee,2007,755,6.6,35.7,179.2,533.4,4098.6,21.4,1004.1,2741.8,352.8
Tennessee,2008,722.7,6.6,33.4,173.8,508.8,4040.1,20.6,1047.4,2683.8,309
Tennessee,2009,666,7.4,32.1,153.3,473.2,3766.6,19.7,1013.8,2514.3,238.5
Tennessee,2010,612,5.6,34.2,131.5,440.7,3662.7,18.3,1011.3,2418.1,233.3
Tennessee,2011,607.8,5.9,32.7,126.3,442.8,3607.9,17.9,981.8,2405.2,221
Tennessee,2012,638.5,6.2,31.7,126.3,474.3,3376.1,19,871.1,2304.2,200.8
Tennessee,2013,585.8,5.2,38.5,112.9,429.3,3196.5,17,790.1,2223.1,183.2
Tennessee,2014,610.7,5.6,39.6,111,454.5,3068.4,16.6,714.7,2160.5,193.2
Tennessee,2015,618.9,6.3,42.5,113.7,456.4,2972.6,14.1,663.4,2111.6,197.6
Tennessee,2016,638.5,7.4,42.2,117.7,471.2,2875.4,16.5,610.7,2035.6,229.2
Tennessee,2017,651.5,7.8,43.7,117.1,482.9,2940.6,14.2,576.5,2088.3,275.8
Texas,1995,663.9,9,45.7,179.8,429.3,5020.5,50.7,1082.3,3377.8,560.4
Texas,1996,644.4,7.7,43.8,171.5,421.4,5064.5,52.8,1068.5,3447.4,548.6
Texas,1997,602.5,6.8,41.2,157,397.5,4878,45.2,1034.3,3320.4,523.3
Texas,1998,564.6,6.8,40,145.1,372.6,4547,42.9,986.3,3071.7,489.1
Texas,1999,560.3,6.1,38,146.7,369.5,4471.4,42.2,949.7,3062.6,459.2
Texas,2000,545.1,5.9,37.7,145.1,356.3,4410.4,39.5,906.3,3057.4,446.8
Texas,2001,571.6,6.2,38.2,165.4,361.7,4570,39.5,956.3,3133.3,480.4
Texas,2002,579.7,6,39.1,172.9,361.7,4620.1,38.1,978.1,3169.7,472.4
Texas,2003,553.1,6.4,36.3,167.5,342.9,4599.9,34.7,994.8,3160.8,444.3
Texas,2004,540.9,6.1,37.3,159.4,338.1,4497.7,29.7,979.5,3099.5,418.6
Texas,2005,528.1,6.1,37.1,156.1,328.8,4319,29.6,958.8,2952.8,407.5
Texas,2006,517.3,5.9,35.9,158.5,317,4083.1,27.8,917.6,2759.6,405.9
Texas,2007,510.4,5.9,35.4,162.2,306.9,4122.3,24.7,955.1,2774,393.2
Texas,2008,508,5.6,33.1,155.1,314.1,3986.8,26,945.6,2690.2,351
Texas,2009,491,5.4,33.5,153.4,298.7,4015.3,24.2,968.7,2737.7,309
Texas,2010,448.4,4.9,30.2,130.1,283.2,3766.8,21.9,905.2,2592.2,269.4
Texas,2011,408.6,4.4,29.2,111.7,263.3,3483.2,19.7,841.7,2392.1,249.4
Texas,2012,408.6,4.4,29.6,116.6,258,3363.1,17,786.6,2327,249.5
Texas,2013,410.3,4.3,39.4,120,246.6,3253.2,14.9,720.8,2284.2,248.2
Texas,2014,406.7,4.4,43.1,115,244.1,3015.4,14.2,623,2138.8,253.6
Texas,2015,412.7,4.8,44.9,116.4,246.6,2840.8,12.9,558,2036.7,246.1
Texas,2016,433.8,5.3,48.2,119.3,261,2759,12.6,533.2,1978.5,247.2
Texas,2017,438.9,5,51.1,114,268.8,2562.6,11.7,473.7,1848.5,240.4
Utah,1995,328.8,3.9,42.7,67.1,215.1,5762,24.9,800.8,4572.1,389.1
Utah,1996,331.9,3.2,41.8,68.9,218.1,5654,21,848.3,4377.1,428.6
Utah,1997,334,2.4,47.5,68.4,215.8,5661.4,19.8,890.5,4326.9,444.1
Utah,1998,314.2,3.1,41.7,66,203.5,5191.7,21.2,812.9,4012.1,366.7
Utah,1999,275.6,2.1,37.8,54.4,181.3,4701.3,19.4,685.1,3669.6,346.6
Utah,2000,255.7,1.9,38.6,55.6,159.5,4220.3,8.7,642.5,3288.5,289.3
Utah,2001,233.2,2.9,39.3,52.5,138.4,3993.2,18.3,605.8,3101.6,285.8
Utah,2002,236.7,2,40.7,49.2,144.8,4210.9,19.5,652.2,3225.6,333
Utah,2003,250.4,2.6,39.1,53.5,155.3,4255.1,15.4,721.1,3202.3,331.7
Utah,2004,233.3,1.9,39.9,51.1,140.4,4038.6,11.4,628.9,3093.7,315.9
Utah,2005,225.4,2.2,36.9,44,142.2,3836.7,13.7,601.2,2894.5,341
Utah,2006,226.3,2,34.9,48.7,140.7,3512.5,14.2,577.3,2607,328.3
Utah,2007,239.9,2.2,35.3,53.9,148.5,3518.7,12.6,589.5,2592.2,337
Utah,2008,225.3,1.5,33.4,51.9,138.4,3375.7,11.4,539.6,2569,267.1
Utah,2009,215.4,1.4,33.8,46.8,133.4,3295,12.1,547.9,2497.9,249.1
Utah,2010,213.5,1.9,35.4,45.7,130.4,3182,10.2,543.9,2422.7,215.4
Utah,2011,197.1,1.8,32,38.3,125,2987.7,10.4,468,2299.9,219.8
Utah,2012,208,1.8,34.2,38.7,133.4,3022.3,9.8,458.7,2352.4,211.3
Utah,2013,228.9,1.8,52.4,43,131.7,3043.1,8,472.9,2312.1,258.1
Utah,2014,219.5,2.2,52.5,44.6,120.2,2902.8,9.9,395.9,2258,248.9
Utah,2015,238.7,1.9,57,44.4,135.4,3002.6,8,421.5,2289.3,291.8
Utah,2016,243.3,2.4,51.2,50.2,139.4,2974.8,8.6,425,2242.2,307.5
Utah,2017,238.9,2.4,54.7,47.3,134.5,2780.2,7.2,381,2092.1,307.2
Virginia,1995,361.5,7.6,27.2,131.7,194.9,3627.7,32.7,595.2,2740,292.6
Virginia,1996,341.3,7.5,26.7,122.6,184.5,3627,28.5,588.1,2760.1,278.8
Virginia,1997,345.2,7.2,27,124.5,186.5,3530.9,31.2,571.4,2679,280.5
Virginia,1998,325.7,6.2,26.7,105.6,187.2,3334.7,27.4,560.9,2503.5,270.3
Virginia,1999,314.7,5.7,25,101.1,182.8,3059.3,25.1,471.6,2326.5,261.2
Virginia,2000,281.7,5.7,22.8,88.9,164.3,2746.4,0,429.9,2064.8,251.6
Virginia,2001,291,5.1,24.6,95.3,166,2883.3,25.2,439.1,2182.4,261.8
Virginia,2002,291.7,5.3,25.2,95.5,165.6,2851.1,24.4,435.8,2161.8,253.5
Virginia,2003,278.2,5.6,24.5,91.1,156.9,2721.5,21.5,395.2,2082.3,244.1
Virginia,2004,275.5,5.2,24.3,92.2,153.8,2678.2,22,384.4,2060.5,233.3
Virginia,2005,283.4,6.1,23.3,99.1,154.9,2649.3,22.2,394.3,2043.6,211.4
Virginia,2006,283.7,5.3,23.9,101.8,152.7,2489.3,22.8,420.9,1874.8,193.6
Virginia,2007,272.8,5.4,23.2,99.8,144.3,2486.5,21.7,415.3,1888.4,182.8
Virginia,2008,257.8,4.8,23.1,96.2,133.8,2532.2,19.5,414.3,1946.1,171.8
Virginia,2009,230.8,4.7,19.9,80.5,125.7,2461.4,17.2,405.4,1907.7,148.3
Virginia,2010,214.2,4.7,19.7,70.8,119,2335.5,15.6,383.9,1819.4,132.2
Virginia,2011,197.6,3.8,19.6,57.6,107.3,2256.8,14.5,378.3,1758,120.6
Virginia,2012,191.5,3.9,18.4,66.9,111.5,2179.6,15.3,362.2,1705.9,111.5
Virginia,2013,197.8,3.9,28.4,55.3,110.2,2074.4,11.5,323,1647,104.3
Virginia,2014,198.4,4.2,29,51.6,113.6,1944.4,10.4,278.7,1573,92.7
Virginia,2015,199.6,4.7,29.9,53.3,111.8,1885.9,10.7,257.4,1530.5,98
Virginia,2016,219.8,5.7,33.6,57.4,123.1,1869.3,10.4,239.6,1512.7,117
Virginia,2017,208.2,5.3,33.8,51.1,117.9,1792.9,9.7,218,1454.7,120.1
Vermont,1995,118.3,2.2,28.2,10.9,76.9,3315.4,34.9,760.9,2418.8,135.7
Vermont,1996,121.2,1.9,27,15.4,76.9,2881.7,23.1,673,2058.4,150.3
Vermont,1997,119.7,1.5,26.5,13.4,78.3,2708.5,0,613.1,1959.6,135.8
Vermont,1998,106.3,2.2,27.6,9.5,67,3032.8,28.6,671.1,2213.9,147.9
Vermont,1999,113.9,2.9,22.9,10.9,77.1,2704.7,22.2,595.7,1955.4,153.6
Vermont,2000,113.5,1.5,23,19.2,69.8,2873.4,4.3,575,2165.5,132.9
Vermont,2001,105.1,1.1,17.5,17.5,69,2664.7,16.6,513.9,2027.2,123.7
Vermont,2002,106.7,2.1,20.4,12.5,71.7,2424,19,566,1733.3,124.8
Vermont,2003,114.2,2.4,20.3,10,81.4,2228.7,15.2,487.1,1635.9,105.6
Vermont,2004,114.8,2.6,25.8,12.6,73.9,2343.6,15.8,552.9,1696.1,94.5
Vermont,2005,125.6,1.3,24.6,12.2,87.6,2369.7,13.2,511.7,1750.4,107.7
Vermont,2006,145.1,2.2,27.7,18.3,96.8,2391.4,18.4,551.8,1740.2,99.4
Vermont,2007,129.1,2.1,20.6,12.7,93.7,2366.5,12.7,515.1,1747,104.5
Vermont,2008,137.5,2.7,21.4,15,98.3,2559.8,14,565.8,1899.7,94.3
Vermont,2009,134.6,1.3,21.2,17.9,94.2,2414.1,12.4,558.3,1783.6,72.2
Vermont,2010,131,1.1,22.5,12.1,95.2,2262.3,8.6,534.9,1657.3,70.1
Vermont,2011,147.6,1.8,23.3,18.2,106.8,2407.6,10.1,612.5,1710.8,84.3
Vermont,2012,142.3,1.3,20.9,15.8,101.9,2500.7,11.7,667.6,1759.6,73.5
Vermont,2013,123.6,1.6,21.7,12,88.4,2214.5,11.6,534.7,1626.1,53.8
Vermont,2014,102.6,1.6,18.7,11.5,70.8,1551,5.6,333.8,1176.7,40.5
Vermont,2015,119.3,1.6,24,16.8,77,1447.7,4.3,324.9,1091.5,31.3
Vermont,2016,136.5,2.2,27.3,12.5,94.5,1556.9,6.7,302.2,1225.1,29.5
Vermont,2017,165.8,2.2,35,14.8,113.8,1436.7,5.9,297.3,1108.3,31.1
Washington,1995,484.3,5.1,59.2,132.7,287.3,5785.5,39.6,1091.2,4140.3,554
Washington,1996,431.2,4.6,51.1,119,256.4,5478.2,36,1057.5,3898.5,522.2
Washington,1997,440.7,4.3,51.4,120,265,5485.6,35.1,1106.3,3811.5,567.8
Washington,1998,428.5,3.9,48.2,115.6,260.8,5438.9,38.3,1062.5,3757.7,618.7
Washington,1999,377.3,3,47.1,100.9,226.3,4878,34.3,949.4,3341.2,587.3
Washington,2000,369.7,3.3,46.4,98.6,221.3,4736,36.3,907.3,3234.6,594.1
Washington,2001,354.7,3,43.4,99,209.3,4792.5,34.5,884.7,3255.8,652
Washington,2002,345.5,3,45.1,95.5,201.9,4762.9,34.2,905.7,3189.8,667.4
Washington,2003,346.9,3,46.7,93.3,204,4755,34.9,950.4,3142.1,662.5
Washington,2004,343.6,3.1,46,94.5,200,4846.7,34.4,976.8,3173.4,696.5
Washington,2005,345.6,3.3,44.7,92,205.7,4889.8,32.5,959.1,3147.4,783.3
Washington,2006,348.7,3.1,43,100.4,202.2,4510.1,33.2,920,2864.1,726
Washington,2007,336.5,2.7,41,94,198.8,4047,29.4,817.4,2640.2,589.3
Washington,2008,334.2,2.9,40.5,98,192.7,3806.3,24.6,811.3,2550.1,444.8
Washington,2009,336.3,2.9,38.8,100.7,194,3679.6,23.6,796,2527.3,356.3
Washington,2010,313.5,2.3,38.2,87.9,185,3699.1,20.3,818.5,2498.8,381.8
Washington,2011,295.3,2.4,34,84.1,176.5,3579.1,19.3,828.9,2386.4,363.8
Washington,2012,298.1,3.1,32.6,82.5,178.2,3689.1,18.5,890.1,2412.3,386.7
Washington,2013,290,2.4,37.3,83.6,166.7,3715.9,16.1,838.7,2469.6,407.6
Washington,2014,285.8,2.5,39.4,79.9,164,3698.9,16.7,784.1,2482.1,432.7
Washington,2015,286.4,3,38.8,76.1,168.4,3484.1,17.7,713.9,2393.7,376.6
Washington,2016,303.5,2.7,43,77.6,180.3,3502.2,15.5,676.4,2381.9,443.9
Washington,2017,304.5,3.1,44,72.8,184.6,3173.6,15.3,590.4,2194.4,388.8
Wisconsin,1995,281.1,4.3,23.3,105.1,148.4,3604.6,29.4,613.2,2627.8,363.6
Wisconsin,1996,252.7,4,21,96.6,131.1,3568.7,27.8,588.3,2634.5,345.9
Wisconsin,1997,270.6,4,20.3,100.9,145.5,3407.1,23.2,570.7,2533.9,302.5
Wisconsin,1998,249,3.6,19.9,85.6,139.9,3294.1,12.2,569.3,2452.8,272
Wisconsin,1999,245.8,3.4,20.1,84.7,137.6,3050.3,19.4,488.2,2298.9,263.2
Wisconsin,2000,236.8,3.2,21.7,84.6,127.3,2972.3,20.7,469.5,2229.9,272.9
Wisconsin,2001,231,3.6,21.1,82.2,124.1,3087.8,18.8,498.1,2317.4,272.3
Wisconsin,2002,225,2.8,22.7,86.6,112.8,3028.6,18.7,513.4,2267.9,247.4
Wisconsin,2003,221.1,3.3,22,80.3,115.5,2880.4,19,484.9,2169.7,225.8
Wisconsin,2004,209.8,2.8,20.6,73.9,112.5,2665.7,14.9,433.4,2025.6,206.7
Wisconsin,2005,241.8,3.7,20.5,82.4,135.2,2669.4,12.5,442.3,1999.6,227.5
Wisconsin,2006,286.1,3,22.2,100.1,160.8,2821,16.7,486.6,2081.9,252.5
Wisconsin,2007,291.5,3.3,21.9,97.8,168.5,2843.9,15.9,497.9,2105.8,240.3
Wisconsin,2008,275.5,2.6,20,91.7,161.2,2762.2,15.2,487.9,2069.2,205.1
Wisconsin,2009,259.1,2.6,19.8,86.7,150,2611.8,15.6,474.2,1979.7,158
Wisconsin,2010,248.9,2.7,20.9,79.3,145.9,2508.6,11.9,468,1897.4,143.2
Wisconsin,2011,249.9,2.4,20.8,82,146.1,2450.4,12,475.8,1829.7,144.9
Wisconsin,2012,283.9,3,21.5,80.6,177.6,2459.2,12.8,487.9,1827.5,143.8
Wisconsin,2013,280.7,2.8,32,84.2,161.7,2188.7,11.4,424.1,1635.8,128.7
Wisconsin,2014,291.1,2.8,29.1,88.6,170.6,2092.8,9.6,371.1,1549.7,172
Wisconsin,2015,304.3,4.2,31.3,90.7,178.1,1979.4,8.4,339.8,1448.9,190.7
Wisconsin,2016,306.9,4,34.7,81.5,186.6,1938.6,9.5,337.7,1428.3,172.5
Wisconsin,2017,319.9,3.2,36.9,75,204.8,1808.3,10.1,303.7,1341.3,163.4
West Virginia,1995,210.2,4.9,21.2,42.7,141.4,2248,24.7,565,1516.6,166.3
West Virginia,1996,210.1,3.8,19.6,40.4,146.3,2273.3,21.5,546.5,1549.8,176.9
West Virginia,1997,218.7,4.1,19.5,43.1,151.9,2250.4,20.3,586.3,1483.1,181
West Virginia,1998,248.6,4.3,18.7,37.3,188.3,2298.6,18.2,613.5,1497.9,187.2
West Virginia,1999,350.7,4.4,18.7,36.6,291,2370,24,570.2,1591.7,208.2
West Virginia,2000,316.5,2.5,18.3,41.4,254.2,2286.3,0,546.9,1556.1,183.3
West Virginia,2001,279.6,2.2,17.8,39.3,220.3,2281.3,22.5,533.1,1569.6,178.6
West Virginia,2002,233.9,3.2,18.2,36.4,176.1,2277.1,29.6,536.2,1525,216
West Virginia,2003,255.4,4,17.2,38.7,195.5,2339,31.9,579.5,1568.3,191.2
West Virginia,2004,281.9,3.8,19.1,42.7,216.4,2555.8,31.8,606.5,1741.5,207.8
West Virginia,2005,273.9,4.5,18.5,45,205.9,2632.6,25.3,624.8,1797.2,210.6
West Virginia,2006,281.2,4.4,22.2,46.9,207.6,2636.3,25.4,636.7,1776.5,223.1
West Virginia,2007,276.8,3.6,21.4,46.7,205.1,2517.6,25.6,597.2,1728.5,191.9
West Virginia,2008,275.9,3.7,21.4,49.4,201.4,2533.6,20.4,597.4,1761.8,174.4
West Virginia,2009,305.2,4.6,25.8,50.2,224.5,2539.6,20.4,659.7,1728.4,151.5
West Virginia,2010,301.2,3.1,19.5,41.8,236.7,2227.2,16.4,581.2,1515.6,130.4
West Virginia,2011,296.3,4.7,20.1,45,228.4,2103,14.1,552.3,1437.1,113.6
West Virginia,2012,320.1,3.8,22.4,43.2,249,2396.8,18.9,617.6,1658.9,120.3
West Virginia,2013,305.2,3.3,37.8,35.2,228.9,2154.1,11.7,534.5,1513.5,106.1
West Virginia,2014,316.4,4.5,32.1,35.4,244.3,2070.7,10.3,506.7,1458,106
West Virginia,2015,347.5,4.6,38.6,42.5,261.8,2101.7,11.7,514.2,1465.7,121.8
West Virginia,2016,362.7,4.6,37.4,39.4,281.3,2038.8,13.1,499.1,1403.1,136.6
West Virginia,2017,350.7,4.7,43.8,28.9,273.4,1852,12.1,420.1,1266.6,165.3
Wyoming,1995,254.2,2.1,34.4,17.9,199.8,4066,25.4,612.1,3286.3,167.7
Wyoming,1996,249.7,3.3,29.1,20.4,196.9,4004.4,27.2,662,3203.3,139.1
Wyoming,1997,255.2,3.5,28.5,17.7,205.4,3925.6,23.5,624.6,3166.3,134.8
Wyoming,1998,247.6,4.8,27.7,16.2,199,3560.1,23.3,560.5,2860.5,139.1
Wyoming,1999,232.5,2.3,28.6,15.4,186.2,3225.2,20.9,489.8,2611.1,124.3
Wyoming,2000,266.5,2.4,32.4,14.2,217.5,3031.5,24.1,420.8,2494.6,116
Wyoming,2001,257.6,1.8,31,17,207.8,3264.8,23.5,502.5,2621.3,141
Wyoming,2002,273.4,3,29.7,18.6,222.1,3306.5,14.2,490.7,2666.8,148.9
Wyoming,2003,261.7,2.8,27.1,16.7,215.1,3315.6,15.5,520,2636.7,158.9
Wyoming,2004,229.9,2.2,22.1,13.2,192.3,3338.5,20,541.2,2639.3,157.9
Wyoming,2005,230.3,2.8,24,15.3,188.3,3158.4,13,476.8,2536.4,145.2
Wyoming,2006,253.8,2.5,29.3,14,208,2986.6,17.3,450.9,2379.6,156.1
Wyoming,2007,257.1,4,32.9,16.1,204.1,2879.1,14,452.3,2271.3,155.5
Wyoming,2008,249.7,2.3,34.7,16.3,196.4,2725,20.7,412.6,2174.7,137.6
Wyoming,2009,219.7,2,31.6,14.3,171.8,2616.9,11.8,399.8,2078,139.1
Wyoming,2010,197.9,1.4,28.7,13.6,154.1,2456.6,12.6,381,1970.8,104.9
Wyoming,2011,219.4,3.2,25.7,10.6,178,2269.8,10.2,328.5,1849.5,91.8
Wyoming,2012,201.3,2.4,26.7,12.5,161.6,2293,17.2,368.5,1823.2,101.3
Wyoming,2013,207.8,2.9,35,12.7,157.2,2196.2,7.7,335.4,1761.8,99.1
Wyoming,2014,195.4,2.7,29.8,9.1,153.9,1964.2,6.7,289.1,1572,103.2
Wyoming,2015,221.6,2.7,29.2,10.1,179.7,1901.1,8.7,300.4,1499.8,100.9
Wyoming,2016,244.7,3.4,35.2,10.1,195.9,1959.3,7.4,302.8,1519.7,136.8
Wyoming,2017,237.5,2.6,45.4,13.1,176.4,1830.4,8.3,275,1421,134.5
